Workbook

Sheet 封页
A9: 航站系统
A11: 测试用例
A13: （Version 1.0）
A23: 深圳运捷迅信息有限公司
A27: 总页数 | C27: 正文 | E27: 附录 | G27: 生效日期
A28: 编制 | E28: 审批

Sheet 历史变更记录
B1: Revision History
B3: 日期 | C3: 版本 | D3: 描述 | E3: 作者 | F3: 审核
B4: 43061 | C4: v1.0 | D4: 创建 | E4: 袁国军

Sheet 测试大纲
A3: 测试大纲
F4: 用例总计 | G4: =SUM(F6:F367) -> 0 | H4: 纳入测试数 | I4: =SUM(G6:G367) -> 0
A5: 模块编号 | B5: 一级大纲 | C5: 二级大纲 | D5: 三级大纲 | E5: 四级大纲 | F5: 用例数 | G5: 纳入测试数 | H5: 是否纳入测试 | I5: 说明
A6: 1 | B6: 人员档案管理 | C6: 人员档案管理
C7: 人员编制管理
C8: 航站编制情况表
A9: 2 | B9: 培训记录管理 | C9: 培训记录管理
C10: 课程管理
C11: 培训明细及数量统计
C12: 培训课程人数统计
A13: 3 | B13: 报备管理 | C13: 离岗报备 | I13: LGBB
C14: 节假日报备 | I14: JRBB
C15: 在岗状态表 | I15: ZGZT
C16: 航站负责人即时查询 | I16: FZCX
C17: 节假日值班表 | I17: JJZB
C18: 离岗报备统计 | I18: BBTJ
A19: 4 | B19: 运行月报告 | C19: 运行月报告查询 | I19: BGCX
C20: 运行月报告问题查询 | I20: WTCX
C21: 运行月报告上报 | I21: BGSB
C22: 问题类别维护 | I22: LBWH
C23: 运行月报告上报率统计 | I23: SBTJ
A24: 5 | B24: 通讯录和站内信 | C24: 通讯录操作 | I24: TXCZ
C25: 站内信 | I25: ZNXJ
A26: 6 | B26: 数据计算与显示 | I26: SJJS
A27: 7 | B27: UI测试 | I27: UITS
A28: 8 | B28: 登录 | I28: XTDL
A29: 9 | B29: 安全性 | I29: XTAQ
A30: 10 | B30: 兼容性 | I30: XTJR
A31: 11 | B31: 性能测试 | I31: XTXN
A32: 制表人/日期：

Sheet 报备管理
B2: 测试用例
S4: 第1轮 | W4: 第2轮 | AA4: 第N轮
S5: 用例条数 | T5: =SUMPRODUCT(($G$11:$G$1991<>"")*($Q$11:$Q$1990<>"删除")) -> #N/A | U5: OK | V5: =SUMPRODUCT(($R$11:$R$1787="是")*(S$11:S$1787=U$5)) -> 0 | W5: 用例条数 | X5: {=SUMPRODUCT(($G$11:$G$1991<>"")*($Q$11:$Q$1990<>"删除"))} -> #N/A | Y5: OK | Z5: =SUMPRODUCT(($R$11:$R$1787="是")*(W$11:W$1787=Y$5)) -> 0 | AA5: 用例条数 | AB5: {=SUMPRODUCT(($G$11:$G$1991<>"")*($Q$11:$Q$1990<>"删除"))} -> #N/A | AC5: OK | AD5: =SUMPRODUCT(($R$11:$R$1787="是")*(AA$11:AA$1787=AC$5)) -> 0
S6: 纳入测试 | T6: {=COUNTIF($R$10:$R$1787,"是")} -> 4 | U6: POK | V6: =SUMPRODUCT(($R$11:$R$1787="是")*(S$11:S$1787=U$6)) -> 0 | W6: 纳入测试 | X6: {=COUNTIF($R$10:$R$1787,"是")} -> 4 | Y6: POK | Z6: =SUMPRODUCT(($R$11:$R$1787="是")*(W$11:W$1787=Y$6)) -> 0 | AA6: 纳入测试 | AB6: {=COUNTIF($R$10:$R$1787,"是")} -> 4 | AC6: POK | AD6: =SUMPRODUCT(($R$11:$R$1787="是")*(AA$11:AA$1787=AC$6)) -> 0
S7: 执行率 | T7: =IF(V5+V6+V7=0,0%,(V5+V6+V7)/(T6)) -> 0 | U7: NG | V7: =SUMPRODUCT(($R$11:$R$1787="是")*(S$11:S$1787=U$7)) -> 0 | W7: 执行率 | X7: =IF(Z5+Z6+Z7=0,0%,(Z5+Z6+Z7)/(X6)) -> 0 | Y7: NG | Z7: =SUMPRODUCT(($R$11:$R$1787="是")*(W$11:W$1787=Y$7)) -> 0 | AA7: 执行率 | AB7: =IF(AD5+AD6+AD7=0,0%,(AD5+AD6+AD7)/(AB6)) -> 0 | AC7: NG | AD7: =SUMPRODUCT(($R$11:$R$1787="是")*(AA$11:AA$1787=AC$7)) -> 0
D8: 测试标识 | E8: 所属项目 | F8: 子系统 | G8: 设计人员 | S8: 通过率 | T8: {=IF(V5=0,0%,V5/(V5+V6+V7))} -> 0 | U8: SKIP | V8: =SUMPRODUCT(($R$11:$R$1787="是")*(S$11:S$1787=U$8)) -> 0 | W8: 通过率 | X8: {=IF(Z5=0,0%,Z5/(Z5+Z6+Z7))} -> 0 | Y8: SKIP | Z8: =SUMPRODUCT(($R$11:$R$1787="是")*(W$11:W$1787=Y$8)) -> 0 | AA8: 通过率 | AB8: {=IF(AD5=0,0%,AD5/(AD5+AD6+AD7))} -> 0 | AC8: SKIP | AD8: =SUMPRODUCT(($R$11:$R$1787="是")*(AA$11:AA$1787=AC$8)) -> 0
D9: Web | E9: 航站二期 | G9: 袁国军 | S9: NT | T9: {=SUMPRODUCT(($R$11:$R$1787="是")*(S$11:S$1787=S9))} -> 0 | U9: 队列中 | V9: {=(T6-V8-V7-V6-V5-T9)} -> 4 | W9: NT | X9: {=SUMPRODUCT(($R$11:$R$1787="是")*(W$11:W$1787=W9))} -> 0 | Y9: 队列中 | Z9: {=(X6-Z8-Z7-Z6-Z5-X9)} -> 4 | AA9: NT | AB9: {=SUMPRODUCT(($R$11:$R$1787="是")*(AA$11:AA$1787=AA9))} -> 0 | AC9: 队列中 | AD9: {=(AB6-AD8-AD7-AD6-AD5-AB9)} -> 4
B10: 序号 | C10: 模块编号 | D10: 一级模块 | E10: 二级模块 | F10: 三级模块 | G10: 用例编号 | H10: 优先级 | I10: 分类 | J10: 用例描述 | K10: 前置条件 | L10: 测试方法和步骤 | M10: 测试数据 | N10: 预期结果 | O10: 校验过程 | P10: 测试工具 | Q10: 修订状态 | R10: 纳入测试 | S10: 测试结果 | T10: 测试版本 | U10: 测试人 | V10: 备注 | W10: 测试结果 | X10: 测试版本 | Y10: 测试人 | Z10: 备注 | AA10: 测试结果 | AB10: 测试版本 | AC10: 测试人 | AD10: 备注 | AE10: 导入结果
B11: =SUBTOTAL(103,$C$11:C11) -> 1 | C11: =测试大纲!$A$13 -> 3 | D11: 报备管理 | E11: 离岗报备 | F11: 离岗报备查询 | G11: =$D$9 & "-"&测试大纲!I$13&"-"&TEXT(SUBTOTAL(103,$C$11:C11),"000") -> Web-LGBB-001 | H11: 高 | I11: 正常系 | J11: 界面元素完整性校验 | K11: 1.登录总部人员身份 2.转到离岗报备查询界面 | N11: 页面元素如下: 1.文本框：航站、员工号、姓名 2.标签：共搜索到X条数据 3.按钮：搜索、离岗报备 4.数据区显示列：员工号、中文姓名、外文姓名、所属航站、事由、离岗时间、天数、状态、提交人、操作 5.数据区按钮：查看、删除 6.日期控件：离岗时间 7.翻页控件
B12: =SUBTOTAL(103,$C$11:C12) -> 2 | C12: =测试大纲!$A$13 -> 3 | D12: 报备管理 | E12: 离岗报备 | F12: 离岗报备查询 | G12: =$D$9 & "-"&测试大纲!I$13&"-"&TEXT(SUBTOTAL(103,$C$11:C12),"000") -> Web-LGBB-002 | H12: 中 | I12: 正常系 | J12: 页面默认数据正确性校验 | K12: 1.登录总部人员身份 2.转到离岗报备查询界面 | N12: 页面所有输入框数据为空、数据展示区也为空并且页码为1
B13: =SUBTOTAL(103,$C$11:C13) -> 3 | C13: =测试大纲!$A$13 -> 3 | D13: 报备管理 | E13: 离岗报备 | F13: 离岗报备查询 | G13: =$D$9 & "-"&测试大纲!I$13&"-"&TEXT(SUBTOTAL(103,$C$11:C13),"000") -> Web-LGBB-003 | H13: 高 | I13: 正常系 | J13: 默认查询数据正确性校验 | K13: 1.登录总部人员身份 2.转到离岗报备查询界面 | L13: 1.点击搜索 | N13: 查询到所有的离岗报备
B14: =SUBTOTAL(103,$C$11:C14) -> 4 | C14: =测试大纲!$A$13 -> 3 | D14: 报备管理 | E14: 离岗报备 | F14: 离岗报备查询 | G14: =$D$9 & "-"&测试大纲!I$13&"-"&TEXT(SUBTOTAL(103,$C$11:C14),"000") -> Web-LGBB-004 | H14: 高 | I14: 正常系 | J14: 航站代码查询校验 | K14: 1.登录航站人员身份 2.转到离岗报备查询界面 | L14: 1.输入航站代码 2.点击搜索 | N14: 筛选记录的航站代码都与测试数据相同 | P14: 自动化 | R14: 是
B15: =SUBTOTAL(103,$C$11:C15) -> 5 | C15: =测试大纲!$A$13 -> 3 | D15: 报备管理 | E15: 离岗报备 | F15: 离岗报备查询 | G15: =$D$9 & "-"&测试大纲!I$13&"-"&TEXT(SUBTOTAL(103,$C$11:C15),"000") -> Web-LGBB-005 | H15: 高 | I15: 正常系 | J15: 员工号查询校验 | K15: 1.总部人员身份 2.转到离岗报备查询界面 | L15: 1.输入员工号 2.点击搜索 | M15: 1340121138 | N15: 筛选记录的员工号与测试数据相同
B16: =SUBTOTAL(103,$C$11:C16) -> 6 | C16: =测试大纲!$A$13 -> 3 | D16: 报备管理 | E16: 离岗报备 | F16: 离岗报备查询 | G16: =$D$9 & "-"&测试大纲!I$13&"-"&TEXT(SUBTOTAL(103,$C$11:C16),"000") -> Web-LGBB-006 | H16: 高 | I16: 正常系 | J16: 离岗时间查询校验 | K16: 1.总部人员身份 2.转到离岗报备查询界面 | L16: 1.选择离岗时间 2.点击搜索 | M16: 2017-10-11~2017-11-12 | N16: 筛选记录的离岗时间至少和测试数据存在部分交集
B17: =SUBTOTAL(103,$C$11:C17) -> 7 | C17: =测试大纲!$A$13 -> 3 | D17: 报备管理 | E17: 离岗报备 | F17: 离岗报备查询 | G17: =$D$9 & "-"&测试大纲!I$13&"-"&TEXT(SUBTOTAL(103,$C$11:C17),"000") -> Web-LGBB-007 | H17: 高 | I17: 正常系 | J17: 中文姓名查询校验 | K17: 1.总部人员身份 2.转到离岗报备查询界面 | L17: 1.姓名框输入中文姓名 2.点击搜索 | M17: 杨国军 | N17: 筛选出对应员工所有的离岗报备
B18: =SUBTOTAL(103,$C$11:C18) -> 8 | C18: =测试大纲!$A$13 -> 3 | D18: 报备管理 | E18: 离岗报备 | F18: 离岗报备查询 | G18: =$D$9 & "-"&测试大纲!I$13&"-"&TEXT(SUBTOTAL(103,$C$11:C18),"000") -> Web-LGBB-008 | H18: 高 | I18: 正常系 | J18: 外文姓名查询校验 | K18: 1.总部人员身份 2.转到离岗报备查询界面 | L18: 1.姓名框输入外文姓名 4.点击搜索 | M18: Jiny | N18: 筛选出对应员工所有的离岗报备
B19: =SUBTOTAL(103,$C$11:C19) -> 9 | C19: =测试大纲!$A$13 -> 3 | D19: 报备管理 | E19: 离岗报备 | F19: 离岗报备查询 | G19: =$D$9 & "-"&测试大纲!I$13&"-"&TEXT(SUBTOTAL(103,$C$11:C19),"000") -> Web-LGBB-009 | H19: 高 | I19: 正常系 | J19: 已审批状态查询校验 | K19: 1.总部人员身份 2.转到离岗报备查询界面 | L19: 1.选择已审批状态 2.点击搜索 | N19: 筛选记录的离岗报备状态都是已审批
B20: =SUBTOTAL(103,$C$11:C20) -> 10 | C20: =测试大纲!$A$13 -> 3 | D20: 报备管理 | E20: 离岗报备 | F20: 离岗报备查询 | G20: =$D$9 & "-"&测试大纲!I$13&"-"&TEXT(SUBTOTAL(103,$C$11:C20),"000") -> Web-LGBB-010 | H20: 高 | I20: 正常系 | J20: 已拒绝状态查询校验 | K20: 1.总部人员身份 2.转到离岗报备查询界面 | L20: 1.选择已拒绝状态 2.点击搜索 | N20: 筛选记录的离岗报备状态都是已拒绝
B21: =SUBTOTAL(103,$C$11:C21) -> 11 | C21: =测试大纲!$A$13 -> 3 | D21: 报备管理 | E21: 离岗报备 | F21: 离岗报备查询 | G21: =$D$9 & "-"&测试大纲!I$13&"-"&TEXT(SUBTOTAL(103,$C$11:C21),"000") -> Web-LGBB-011 | H21: 高 | I21: 异常系 | J21: 不存在航站查询校验 | K21: 1.登录总部人员身份 2.转到离岗报备查询界面 | L21: 1.输入航站代码 2.点击搜索 | M21: PPL | N21: 筛选记录数为0，并弹出相关提示
B22: =SUBTOTAL(103,$C$11:C22) -> 12 | C22: =测试大纲!$A$13 -> 3 | D22: 报备管理 | E22: 离岗报备 | F22: 离岗报备查询 | G22: =$D$9 & "-"&测试大纲!I$13&"-"&TEXT(SUBTOTAL(103,$C$11:C22),"000") -> Web-LGBB-012 | H22: 高 | I22: 异常系 | J22: 不存在员工号查询校验 | K22: 1.总部人员身份 2.转到离岗报备查询界面 | L22: 1.输入员工号 2.点击搜索 | M22: 1235487954 | N22: 筛选记录数为0，并弹出相关提示
B23: =SUBTOTAL(103,$C$11:C23) -> 13 | C23: =测试大纲!$A$13 -> 3 | D23: 报备管理 | E23: 离岗报备 | F23: 离岗报备查询 | G23: =$D$9 & "-"&测试大纲!I$13&"-"&TEXT(SUBTOTAL(103,$C$11:C23),"000") -> Web-LGBB-013 | H23: 高 | I23: 异常系 | J23: 不存在姓名查询校验 | K23: 1.总部人员身份 2.转到离岗报备查询界面 | L23: 1.输入姓名 2.点击“搜索” | M23: 杨杨洋 | N23: 筛选记录数为0，并弹出相关提示
B24: =SUBTOTAL(103,$C$11:C24) -> 14 | C24: =测试大纲!$A$13 -> 3 | D24: 报备管理 | E24: 离岗报备 | F24: 离岗报备查询 | G24: =$D$9 & "-"&测试大纲!I$13&"-"&TEXT(SUBTOTAL(103,$C$11:C24),"000") -> Web-LGBB-014 | H24: 高 | I24: 正常系 | J24: 全条件联合查询校验 | K24: 1.总部人员身份 2.转到离岗报备查询界面 | L24: 1.输入员工号 2.输入航站 3.输入离岗时间 4.输入姓名 5.选择已审批 6.点击搜索 | M24: 1.1340121138 2.PEK 3.2017-10-11~2017-11-12 4.杨国军 | N24: 筛选记录的数据与测试数据相同
B25: =SUBTOTAL(103,$C$11:C25) -> 15 | C25: =测试大纲!$A$13 -> 3 | D25: 报备管理 | E25: 离岗报备 | F25: 离岗报备查询 | G25: =$D$9 & "-"&测试大纲!I$13&"-"&TEXT(SUBTOTAL(103,$C$11:C25),"000") -> Web-LGBB-015 | H25: 高 | I25: 异常系 | J25: 单一离岗时间不关联，其他全条件关联查询，校验是否会返回数据并给与相关提示 | K25: 1.总部人员身份 2.转到离岗报备查询界面 | L25: 1.输入员工号 2.输入姓名 3.输入航站 4.选择离岗时间 5.点击搜索 | M25: 1.1340121138 2.杨国军 3.PEK 4.2017-11-13~2017-11-14 | N25: 筛选记录数为0，并弹出相关提示
B26: =SUBTOTAL(103,$C$11:C26) -> 16 | C26: =测试大纲!$A$13 -> 3 | D26: 报备管理 | E26: 离岗报备 | F26: 离岗报备查询 | G26: =$D$9 & "-"&测试大纲!I$13&"-"&TEXT(SUBTOTAL(103,$C$11:C26),"000") -> Web-LGBB-016 | H26: 高 | I26: 异常系 | J26: 单一姓名不关联，其他全条件关联查询，校验是否会返回数据并给与相关提示 | K26: 1.总部人员身份 2.转到离岗报备查询界面 | L26: 1.输入员工号 2.输入姓名 3.输入航站 4.选择离岗时间 5.点击搜索 | M26: 1.1340121138 2.杨开运 3.PEK 4.2017-10-11~2017-11-12 | N26: 筛选记录数为0，并弹出相关提示
B27: =SUBTOTAL(103,$C$11:C27) -> 17 | C27: =测试大纲!$A$13 -> 3 | D27: 报备管理 | E27: 离岗报备 | F27: 离岗报备查询 | G27: =$D$9 & "-"&测试大纲!I$13&"-"&TEXT(SUBTOTAL(103,$C$11:C27),"000") -> Web-LGBB-017 | H27: 高 | I27: 异常系 | J27: 单一航站不关联，其他全条件关联查询，校验是否会返回数据并给与相关提示 | K27: 1.总部人员身份 2.转到离岗报备查询界面 | L27: 1.输入员工号 2.输入姓名 3.输入航站 4.选择离岗时间 5.点击搜索 | M27: 1.1340121138 2.杨国军 3.PPL 4.2017-10-11~2017-11-12 | N27: 筛选记录数为0，并弹出相关提示
B28: =SUBTOTAL(103,$C$11:C28) -> 18 | C28: =测试大纲!$A$13 -> 3 | D28: 报备管理 | E28: 离岗报备 | F28: 离岗报备查询 | G28: =$D$9 & "-"&测试大纲!I$13&"-"&TEXT(SUBTOTAL(103,$C$11:C28),"000") -> Web-LGBB-018 | H28: 高 | I28: 异常系 | J28: 单一员工号不关联，其他全条件关联查询，校验是否会返回数据并给与相关提示 | K28: 1.总部人员身份 2.转到离岗报备查询界面 | L28: 1.输入员工号 2.输入姓名 3.输入航站 4.选择离岗时间 5.点击搜索 | M28: 1.1235487954 2.杨国军 3.PEK 4.2017-10-11~2017-11-12 | N28: 筛选记录数为0，并弹出相关提示
B29: =SUBTOTAL(103,$C$11:C29) -> 19 | C29: =测试大纲!$A$13 -> 3 | D29: 报备管理 | E29: 离岗报备 | F29: 离岗报备查询 | G29: =$D$9 & "-"&测试大纲!I$13&"-"&TEXT(SUBTOTAL(103,$C$11:C29),"000") -> Web-LGBB-019 | H29: 中 | I29: 正常系 | J29: 员工号模糊查询校验 | K29: 1.总部人员身份 2.转到离岗报备查询界面 | L29: 1.输入员工号 2.点击搜索 | M29: 13 | N29: 筛选记录的员工号前两位数字和测试数据相同
B30: =SUBTOTAL(103,$C$11:C30) -> 20 | C30: =测试大纲!$A$13 -> 3 | D30: 报备管理 | E30: 离岗报备 | F30: 离岗报备查询 | G30: =$D$9 & "-"&测试大纲!I$13&"-"&TEXT(SUBTOTAL(103,$C$11:C30),"000") -> Web-LGBB-020 | H30: 中 | I30: 正常系 | J30: 姓名模糊查询校验 | K30: 1.总部人员身份 2.转到离岗报备查询界面 | L30: 1.输入姓名 2.点击搜索 | M30: 杨 | N30: 筛选记录的姓名开头都与和测试数据相同
B31: =SUBTOTAL(103,$C$11:C31) -> 21 | C31: =测试大纲!$A$13 -> 3 | D31: 报备管理 | E31: 离岗报备 | F31: 离岗报备查询 | G31: =$D$9 & "-"&测试大纲!I$13&"-"&TEXT(SUBTOTAL(103,$C$11:C31),"000") -> Web-LGBB-021 | H31: 中 | I31: 正常系 | J31: 航站代码模糊查询校验 | K31: 1.总部人员身份 2.转到离岗报备查询界面 | L31: 1.输入航站代码 2.点击搜索 | M31: P | N31: 筛选记录的航站开头都与和测试数据相同
B32: =SUBTOTAL(103,$C$11:C32) -> 22 | C32: =测试大纲!$A$13 -> 3 | D32: 报备管理 | E32: 离岗报备 | F32: 离岗报备查询 | G32: =$D$9 & "-"&测试大纲!I$13&"-"&TEXT(SUBTOTAL(103,$C$11:C32),"000") -> Web-LGBB-022 | H32: 低 | I32: 正常系 | J32: 搜索结果数量统计是否正确 | K32: 1.总部人员身份 2.转到离岗报备查询界面 | L32: 1.输入航站代码 2.点击搜索 | M32: PEK | N32: 显示的结果数与标签“共搜索到X条数据”中的X相等
B33: =SUBTOTAL(103,$C$11:C33) -> 23 | C33: =测试大纲!$A$13 -> 3 | D33: 报备管理 | E33: 离岗报备 | F33: 离岗报备查询 | G33: =$D$9 & "-"&测试大纲!I$13&"-"&TEXT(SUBTOTAL(103,$C$11:C33),"000") -> Web-LGBB-023 | H33: 高 | I33: 异常系 | J33: 离岗时间长度异常校验 | K33: 1.总部人员身份 2.转到离岗报备查询界面 | L33: 1.输入离岗时间 2.点击搜索 | M33: 2017-12-11~2017-11-12 | N33: 弹出相关提示并且查询无效
B34: =SUBTOTAL(103,$C$11:C34) -> 24 | C34: =测试大纲!$A$13 -> 3 | D34: 报备管理 | E34: 离岗报备 | F34: 离岗报备查询 | G34: =$D$9 & "-"&测试大纲!I$13&"-"&TEXT(SUBTOTAL(103,$C$11:C34),"000") -> Web-LGBB-024 | H34: 高 | I34: 正常系 | J34: 未审批报备删除功能有效性校验 | K34: 1.总部人员身份 2.转到离岗报备查询界面 | L34: 1.选择一条未审批报备数据 2.点击删除 | N34: 该条数据从页面消失并且刷新页面后不再出现
B35: =SUBTOTAL(103,$C$11:C35) -> 25 | C35: =测试大纲!$A$13 -> 3 | D35: 报备管理 | E35: 离岗报备 | F35: 离岗报备查询 | G35: =$D$9 & "-"&测试大纲!I$13&"-"&TEXT(SUBTOTAL(103,$C$11:C35),"000") -> Web-LGBB-025 | H35: 高 | I35: 正常系 | J35: 已同意报备删除功能有效性校验 | K35: 1.总部人员身份 2.转到离岗报备查询界面 | L35: 1.选择一条已同意报备数据 2.点击删除 | N35: 该条数据从页面消失并且刷新页面后不再出现
B36: =SUBTOTAL(103,$C$11:C36) -> 26 | C36: =测试大纲!$A$13 -> 3 | D36: 报备管理 | E36: 离岗报备 | F36: 离岗报备查询 | G36: =$D$9 & "-"&测试大纲!I$13&"-"&TEXT(SUBTOTAL(103,$C$11:C36),"000") -> Web-LGBB-026 | H36: 高 | I36: 正常系 | J36: 已拒绝报备删除功能有效性校验 | K36: 1.总部人员身份 2.转到离岗报备查询界面 | L36: 1.选择一条已拒绝报备数据 2.点击删除 | N36: 该条数据从页面消失并且刷新页面后不再出现
B37: =SUBTOTAL(103,$C$11:C37) -> 27 | C37: =测试大纲!$A$13 -> 3 | D37: 报备管理 | E37: 离岗报备 | F37: 离岗报备查询 | G37: =$D$9 & "-"&测试大纲!I$13&"-"&TEXT(SUBTOTAL(103,$C$11:C37),"000") -> Web-LGBB-027 | H37: 高 | I37: 正常系 | J37: 详情查看功能有效性校验 | K37: 1.总部人员身份 2.转到离岗报备查询界面 | L37: 1.选择一条报备数据 2.点击查看 | N37: 除了关闭按钮其他元素锁定无法操作，页面元素如下： 1.文本框：员工号、中文姓名、外文姓名、所属航站、事由、离岗后联系电话、离岗后联系邮箱、离岗后站点负责人联系电话、离岗后站点负责人邮箱 2.勾选框：航展内部已审批通过 3.按钮：搜索、离岗报备 4.下拉框：负责人 5.日期控件：离岗时间 6.标签：填报人
B38: =SUBTOTAL(103,$C$11:C38) -> 28 | C38: =测试大纲!$A$13 -> 3 | D38: 报备管理 | E38: 离岗报备 | F38: 离岗报备查询 | G38: =$D$9 & "-"&测试大纲!I$13&"-"&TEXT(SUBTOTAL(103,$C$11:C38),"000") -> Web-LGBB-028 | H38: 中 | I38: 正常系 | J38: 校验航站代码能否自动转换大写 | K38: 1.总部人员身份 2.转到离岗报备查询界面 | L38: 1.输入航站 2.鼠标点击页面空白的地方 | M38: vvv | N38: VVV
B39: =SUBTOTAL(103,$C$11:C39) -> 29 | C39: =测试大纲!$A$13 -> 3 | D39: 报备管理 | E39: 离岗报备 | F39: 离岗报备查询 | G39: =$D$9 & "-"&测试大纲!I$13&"-"&TEXT(SUBTOTAL(103,$C$11:C39),"000") -> Web-LGBB-029 | H39: 低 | I39: 正常系 | J39: 校验航站代码含数字时是否能够查询 | K39: 1.总部人员身份 2.转到离岗报备查询界面 | L39: 1.输入航站 2.点击搜索 | M39: PEK123 | N39: 弹出相关提示并且查询无效
B40: =SUBTOTAL(103,$C$11:C40) -> 30 | C40: =测试大纲!$A$13 -> 3 | D40: 报备管理 | E40: 离岗报备 | F40: 离岗报备查询 | G40: =$D$9 & "-"&测试大纲!I$13&"-"&TEXT(SUBTOTAL(103,$C$11:C40),"000") -> Web-LGBB-030 | H40: 低 | I40: 正常系 | J40: 校验航站代码含特殊字符时是否能够查询 | K40: 1.总部人员身份 2.转到离岗报备查询界面 | L40: 1.输入航站 2.点击搜索 | M40: PEK，。、 | N40: 弹出相关提示并且查询无效
B41: =SUBTOTAL(103,$C$11:C41) -> 31 | C41: =测试大纲!$A$13 -> 3 | D41: 报备管理 | E41: 离岗报备 | F41: 离岗报备查询 | G41: =$D$9 & "-"&测试大纲!I$13&"-"&TEXT(SUBTOTAL(103,$C$11:C41),"000") -> Web-LGBB-031 | H41: 低 | I41: 正常系 | J41: 校验航站代码含中文时是否能够查询 | K41: 1.总部人员身份 2.转到离岗报备查询界面 | L41: 1.输入航站 2.点击搜索 | M41: PEK北京 | N41: 弹出相关提示并且查询无效
B42: =SUBTOTAL(103,$C$11:C42) -> 32 | C42: =测试大纲!$A$13 -> 3 | D42: 报备管理 | E42: 离岗报备 | F42: 离岗报备查询 | G42: =$D$9 & "-"&测试大纲!I$13&"-"&TEXT(SUBTOTAL(103,$C$11:C42),"000") -> Web-LGBB-032 | H42: 高 | I42: 正常系 | J42: 校验点击页面页码翻页的功能是否有效 | K42: 1.总部人员身份 2.转到离岗报备查询界面 3.存在三页及以上记录 | L42: 1.点击"2"尝试跳转到第二页 | N42: 跳转到第二页，当前页码为2
B43: =SUBTOTAL(103,$C$11:C43) -> 33 | C43: =测试大纲!$A$13 -> 3 | D43: 报备管理 | E43: 离岗报备 | F43: 离岗报备查询 | G43: =$D$9 & "-"&测试大纲!I$13&"-"&TEXT(SUBTOTAL(103,$C$11:C43),"000") -> Web-LGBB-033 | H43: 高 | I43: 正常系 | J43: 校验输入指定页码进行跳转的功能是否有效 | K43: 1.总部人员身份 2.转到离岗报备查询界面 3.存在三页及以上记录 | L43: 1.输入页码 2.按下回车 | M43: 2 | N43: 跳转到第二页，当前页码为2
B44: =SUBTOTAL(103,$C$11:C44) -> 34 | C44: =测试大纲!$A$13 -> 3 | D44: 报备管理 | E44: 离岗报备 | F44: 离岗报备查询 | G44: =$D$9 & "-"&测试大纲!I$13&"-"&TEXT(SUBTOTAL(103,$C$11:C44),"000") -> Web-LGBB-034 | H44: 高 | I44: 正常系 | J44: 校验页面上一页跳转功能是否有效 | K44: 1.总部人员身份 2.转到离岗报备查询界面 3.存在三页及以上记录 | L44: 1.点击下一页页码 2.点击上一页功能图标 | N44: 跳转至第一页，当前页码为1
B45: =SUBTOTAL(103,$C$11:C45) -> 35 | C45: =测试大纲!$A$13 -> 3 | D45: 报备管理 | E45: 离岗报备 | F45: 离岗报备查询 | G45: =$D$9 & "-"&测试大纲!I$13&"-"&TEXT(SUBTOTAL(103,$C$11:C45),"000") -> Web-LGBB-035 | H45: 高 | I45: 正常系 | J45: 校验页面下一页跳转功能是否有效 | K45: 1.总部人员身份 2.转到离岗报备查询界面 3.存在三页及以上记录 | L45: 1.点击下一页功能图标 | N45: 跳转至第二页，当前页码为2
B46: =SUBTOTAL(103,$C$11:C46) -> 36 | C46: =测试大纲!$A$13 -> 3 | D46: 报备管理 | E46: 离岗报备 | F46: 离岗报备查询 | G46: =$D$9 & "-"&测试大纲!I$13&"-"&TEXT(SUBTOTAL(103,$C$11:C46),"000") -> Web-LGBB-036 | H46: 高 | I46: 异常系 | J46: 校验指定错误页码跳转时能否跳转并且是否有提示 | K46: 1.总部人员身份 2.转到离岗报备查询界面 3.存在三页及以上记录 | L46: 1.输入页码 2.回车 | M46: 0 | N46: 跳转无效并且提示输入页码输入有误
B47: =SUBTOTAL(103,$C$11:C47) -> 37 | C47: =测试大纲!$A$13 -> 3 | D47: 报备管理 | E47: 离岗报备 | F47: 离岗报备查询 | G47: =$D$9 & "-"&测试大纲!I$13&"-"&TEXT(SUBTOTAL(103,$C$11:C47),"000") -> Web-LGBB-037 | H47: 高 | I47: 正常系 | J47: 校验页面记录数是否正确 | K47: 1.总部人员身份 2.转到离岗报备查询界面 3.存在三页及以上记录 | N47: 页面记录显示数量为20条
B48: =SUBTOTAL(103,$C$11:C48) -> 38 | C48: =测试大纲!$A$13 -> 3 | D48: 报备管理 | E48: 离岗报备 | F48: 离岗报备查询 | G48: =$D$9 & "-"&测试大纲!I$13&"-"&TEXT(SUBTOTAL(103,$C$11:C48),"000") -> Web-LGBB-038 | H48: 高 | I48: 正常系 | J48: 校验跳转页面后页面记录数是否不变 | K48: 1.总部人员身份 2.转到离岗报备查询界面 3.存在三页及以上记录 | L48: 1.点击下一页图标 | N48: 页面记录显示数量为20条
B49: =SUBTOTAL(103,$C$11:C49) -> 39 | C49: =测试大纲!$A$13 -> 3 | D49: 报备管理 | E49: 离岗报备 | F49: 离岗报备查询 | G49: =$D$9 & "-"&测试大纲!I$13&"-"&TEXT(SUBTOTAL(103,$C$11:C49),"000") -> Web-LGBB-039 | H49: 高 | I49: 正常系 | J49: 校验跳转页面后查询条件是否不变 | K49: 1.总部人员身份 2.转到离岗报备查询界面 3.存在三页及以上记录 | L49: 1.输入航站PEK 2.点击搜索 3.点击下一页 | M49: PEK | N49: 搜索条件框数据不变，页面记录的航站都与测试数据相同
B50: =SUBTOTAL(103,$C$11:C50) -> 40 | C50: =测试大纲!$A$13 -> 3 | D50: 报备管理 | E50: 离岗报备 | F50: 离岗报备查询 | G50: =$D$9 & "-"&测试大纲!I$13&"-"&TEXT(SUBTOTAL(103,$C$11:C50),"000") -> Web-LGBB-040 | H50: 高 | I50: 正常系 | J50: 校验跳转页面后页码显示数量是否不变 | K50: 1.总部人员身份 2.转到离岗报备查询界面 3.存在三页及以上记录 | L50: 1.点击搜索 2.点击下一页 | N50: 跳转后的页码显示数量与跳转前相同
B51: =SUBTOTAL(103,$C$11:C51) -> 41 | C51: =测试大纲!$A$13 -> 3 | D51: 报备管理 | E51: 离岗报备 | F51: 离岗报备查询 | G51: =$D$9 & "-"&测试大纲!I$13&"-"&TEXT(SUBTOTAL(103,$C$11:C51),"000") -> Web-LGBB-041 | H51: 高 | I51: 异常系 | J51: 校验搜索后改变查询条件再次搜索是否是在现有结果中查询 | K51: 1.总部人员身份 2.转到离岗报备查询界面 3.存在三页及以上记录 | L51: 1.输入航站 2.点击搜索 3.修改航站 3.点击搜索 | M51: 1.PEK 2.CAN | N51: 不从现有结果中搜索而是从总数据中搜索结果
B52: =SUBTOTAL(103,$C$11:C52) -> 42 | C52: =测试大纲!$A$13 -> 3 | D52: 报备管理 | E52: 离岗报备 | F52: 离岗报备添加 | G52: =$D$9 & "-"&测试大纲!I$13&"-"&TEXT(SUBTOTAL(103,$C$11:C52),"000") -> Web-LGBB-042 | H52: 高 | I52: 正常系 | J52: 界面元素完整性校验 | K52: 1.总部人员身份 2.转到离岗报备添加界面 | N52: 页面元素如下： 1.文本框：员工号、中文姓名、外文姓名、所属航站、事由、离岗后联系电话、离岗后联系邮箱、离岗后站点负责人联系电话、离岗后站点负责人邮箱 2.勾选框：航展内部已审批通过 3.按钮：取消、提交 4.下拉框：负责人 5.日期控件：离岗时间 6.标签：填报人
B53: =SUBTOTAL(103,$C$11:C53) -> 43 | C53: =测试大纲!$A$13 -> 3 | D53: 报备管理 | E53: 离岗报备 | F53: 离岗报备添加 | G53: =$D$9 & "-"&测试大纲!I$13&"-"&TEXT(SUBTOTAL(103,$C$11:C53),"000") -> Web-LGBB-043 | H53: 高 | I53: 正常系 | J53: 校验页面默认数据是否正确 | K53: 1.总部人员身份 2.转到离岗报备添加界面 | N53: 根据登录账号的员工号自动填写且与后台维护的员工号、中文姓名、外文姓名、所属航站一致
B54: =SUBTOTAL(103,$C$11:C54) -> 44 | C54: =测试大纲!$A$13 -> 3 | D54: 报备管理 | E54: 离岗报备 | F54: 离岗报备添加 | G54: =$D$9 & "-"&测试大纲!I$13&"-"&TEXT(SUBTOTAL(103,$C$11:C54),"000") -> Web-LGBB-044 | H54: 高 | I54: 正常系 | J54: 校验负责人电话和邮箱自动填充是否正确 | K54: 1.总部人员身份 2.转到离岗报备添加界面 | L54: 1.选择负责人 | M54: 袁健康 | N54: 根据负责人自动填写电话和邮箱且与后台维护的负责人电话一致
B55: =SUBTOTAL(103,$C$11:C55) -> 45 | C55: =测试大纲!$A$13 -> 3 | D55: 报备管理 | E55: 离岗报备 | F55: 离岗报备添加 | G55: =$D$9 & "-"&测试大纲!I$13&"-"&TEXT(SUBTOTAL(103,$C$11:C55),"000") -> Web-LGBB-045 | H55: 高 | I55: 正常系 | J55: 校验员工号是否能够编辑 | K55: 1.总部人员身份 2.转到离岗报备添加界面 | L55: 1.修改员工号 | M55: 1340121139 | N55: 修改成功并且中文姓名、外文姓名、所属航站会自动填充
B56: =SUBTOTAL(103,$C$11:C56) -> 46 | C56: =测试大纲!$A$13 -> 3 | D56: 报备管理 | E56: 离岗报备 | F56: 离岗报备添加 | G56: =$D$9 & "-"&测试大纲!I$13&"-"&TEXT(SUBTOTAL(103,$C$11:C56),"000") -> Web-LGBB-046 | H56: 高 | I56: 正常系 | J56: 校验中文姓名是否能够编辑并保存 | K56: 1.总部人员身份 2.转到离岗报备添加界面 | L56: 1.修改中文姓名 | M56: 洛洛洛 | N56: 修改成功并且不自动填充回去
B57: =SUBTOTAL(103,$C$11:C57) -> 47 | C57: =测试大纲!$A$13 -> 3 | D57: 报备管理 | E57: 离岗报备 | F57: 离岗报备添加 | G57: =$D$9 & "-"&测试大纲!I$13&"-"&TEXT(SUBTOTAL(103,$C$11:C57),"000") -> Web-LGBB-047 | H57: 高 | I57: 正常系 | J57: 校验外文姓名是否能够编辑并保存 | K57: 1.总部人员身份 2.转到离岗报备添加界面 | L57: 1.修改外文姓名 | M57: Poly | N57: 修改成功并且不自动填充回去
B58: =SUBTOTAL(103,$C$11:C58) -> 48 | C58: =测试大纲!$A$13 -> 3 | D58: 报备管理 | E58: 离岗报备 | F58: 离岗报备添加 | G58: =$D$9 & "-"&测试大纲!I$13&"-"&TEXT(SUBTOTAL(103,$C$11:C58),"000") -> Web-LGBB-048 | H58: 高 | I58: 正常系 | J58: 校验所属航站是否能够编辑并保存 | K58: 1.总部人员身份 2.转到离岗报备添加界面 | L58: 1.修改所属航站 | M58: WUH | N58: 修改成功并且不自动填充回去
B59: =SUBTOTAL(103,$C$11:C59) -> 49 | C59: =测试大纲!$A$13 -> 3 | D59: 报备管理 | E59: 离岗报备 | F59: 离岗报备添加 | G59: =$D$9 & "-"&测试大纲!I$13&"-"&TEXT(SUBTOTAL(103,$C$11:C59),"000") -> Web-LGBB-049 | H59: 高 | I59: 正常系 | J59: 校验负责人电话是否能够编辑并保存 | K59: 1.总部人员身份 2.转到离岗报备添加界面 | L59: 1.修改负责人电话 | M59: 13554564553 | N59: 修改成功并且不自动填充回去
B60: =SUBTOTAL(103,$C$11:C60) -> 50 | C60: =测试大纲!$A$13 -> 3 | D60: 报备管理 | E60: 离岗报备 | F60: 离岗报备添加 | G60: =$D$9 & "-"&测试大纲!I$13&"-"&TEXT(SUBTOTAL(103,$C$11:C60),"000") -> Web-LGBB-050 | H60: 高 | I60: 正常系 | J60: 校验负责人邮箱是否能够编辑并保存 | K60: 1.总部人员身份 2.转到离岗报备添加界面 | L60: 1.修改负责人邮箱 | M60: 1044628946@qq.com | N60: 修改成功并且不自动填充回去
B61: =SUBTOTAL(103,$C$11:C61) -> 51 | C61: =测试大纲!$A$13 -> 3 | D61: 报备管理 | E61: 离岗报备 | F61: 离岗报备添加 | G61: =$D$9 & "-"&测试大纲!I$13&"-"&TEXT(SUBTOTAL(103,$C$11:C61),"000") -> Web-LGBB-051 | H61: 中 | I61: 异常系 | J61: 校验修改成一个不存在的员工号后对应的中文姓名、外文姓名、所属航站是否会自动填充 | K61: 1.总部人员身份 2.转到离岗报备添加界面 | L61: 1.修改员工号 | M61: 1333354274 | N61: 中文姓名、外文姓名、所属航站自动填充为空
B62: =SUBTOTAL(103,$C$11:C62) -> 52 | C62: =测试大纲!$A$13 -> 3 | D62: 报备管理 | E62: 离岗报备 | F62: 离岗报备添加 | G62: =$D$9 & "-"&测试大纲!I$13&"-"&TEXT(SUBTOTAL(103,$C$11:C62),"000") -> Web-LGBB-052 | H62: 中 | I62: 正常系 | J62: 校验能否添加一个不存在的员工报备信息 | K62: 1.总部人员身份 2.转到离岗报备添加界面 | L62: 1.修改员工号 2.输入中文姓名 3.输入外文姓名 4.输入所属航站 5.事由 6.离岗时间 7.填报人电话 8.填报人邮箱 9.选择负责人 10.点击添加 | M62: 1.1333354274 2.洛月鹄 3.Mari 4.CAN 5.出差 6.2018-02-01~2018-02-05 7.13566523846 8.442444109@qq.com 9.袁健康 | N62: 弹出相关提示并且添加无效
B63: =SUBTOTAL(103,$C$11:C63) -> 53 | C63: =测试大纲!$A$13 -> 3 | D63: 报备管理 | E63: 离岗报备 | F63: 离岗报备添加 | G63: =$D$9 & "-"&测试大纲!I$13&"-"&TEXT(SUBTOTAL(103,$C$11:C63),"000") -> Web-LGBB-053 | H63: 高 | I63: 正常系 | J63: 校验员工号是否是必填的 | K63: 1.总部人员身份 2.转到离岗报备添加界面 | L63: 1.修改员工号 2.输入中文名 3.输入外文名 4.输入所属航站 5.事由 6.离岗时间 7.填报人电话 8.填报人邮箱 9.选择负责人 10.点击添加 | M63: 1. 2.Jiny 3.PEK 4.出国旅行 5.2017-10-1~2017-10-07 6.13829362187 7.442444109@qq.com 8.袁健康 | N63: 弹出相关提示并且添加无效
B64: =SUBTOTAL(103,$C$11:C64) -> 54 | C64: =测试大纲!$A$13 -> 3 | D64: 报备管理 | E64: 离岗报备 | F64: 离岗报备添加 | G64: =$D$9 & "-"&测试大纲!I$13&"-"&TEXT(SUBTOTAL(103,$C$11:C64),"000") -> Web-LGBB-054 | H64: 高 | I64: 正常系 | J64: 校验中文姓名是否是必填的 | K64: 1.总部人员身份 2.转到离岗报备添加界面 | L64: 1.选择事由 2.输入离岗时间 3.输入电话 4.输入邮箱 5.输入负责人 6.修改中文姓名 7.勾选内部审批 8.点击添加 | M64: 1.出国旅行 2.2017-10-1~2017-10-07 3.13829362187 4.442444109@qq.com 5.袁健康 6. | N64: 弹出相关提示并且添加无效
B65: =SUBTOTAL(103,$C$11:C65) -> 55 | C65: =测试大纲!$A$13 -> 3 | D65: 报备管理 | E65: 离岗报备 | F65: 离岗报备添加 | G65: =$D$9 & "-"&测试大纲!I$13&"-"&TEXT(SUBTOTAL(103,$C$11:C65),"000") -> Web-LGBB-055 | H65: 高 | I65: 正常系 | J65: 校验外文姓名是否是必填的 | K65: 1.总部人员身份 2.转到离岗报备添加界面 | L65: 1.选择事由 2.输入离岗时间 3.输入电话 4.输入邮箱 5.输入负责人 6.修改外文姓名 7.勾选内部审批 8.点击添加 | M65: 1.出国旅行 2.2017-10-1~2017-10-07 3.13829362187 4.442444109@qq.com 5.袁健康 6. | N65: 弹出相关提示并且添加无效
... B77: =SUBTOTAL(103,$C$11:C77) -> 67 | C77: =测试大纲!$A$13 -> 3 | D77: 报备管理 | E77: 离岗报备 | F77: 离岗报备添加 | G77: =$D$9 & "-"&测试大纲!I$13&"-"&TEXT(SUBTOTAL(103,$C$11:C77),"000") -> Web-LGBB-067 | H77: 中 | I77: 正常系 | J77: 校验取消按钮功能是否有效 | K77: 1.总部人员身份 2.转到离岗报备添加界面 | L77: 1.选择事由 2.输入离岗时间 3.输入电话 4.输入邮箱 5.输入负责人 6.勾选内部审批 7.点击取消 | M77: 1.出国旅行 2.2017-10-1~2017-10-07 3.13829362187 4.442444109@qq.com 5.袁健康 | N77: 返回查询界面并且查询不到相关记录
B78: =SUBTOTAL(103,$C$11:C78) -> 68 | C78: =测试大纲!$A$13 -> 3 | D78: 报备管理 | E78: 离岗报备 | F78: 离岗报备添加 | G78: =$D$9 & "-"&测试大纲!I$13&"-"&TEXT(SUBTOTAL(103,$C$11:C78),"000") -> Web-LGBB-068 | H78: 高 | I78: 正常系 | J78: 校验单事由时添加事由功能是否有效 | K78: 1.总部人员身份 2.转到离岗报备添加界面 3.只存在一条事由 | L78: 1.点击添加事由按钮 | N78: 界面多一行事由文本框供用户输入
B79: =SUBTOTAL(103,$C$11:C79) -> 69 | C79: =测试大纲!$A$13 -> 3 | D79: 报备管理 | E79: 离岗报备 | F79: 离岗报备添加 | G79: =$D$9 & "-"&测试大纲!I$13&"-"&TEXT(SUBTOTAL(103,$C$11:C79),"000") -> Web-LGBB-069 | H79: 高 | I79: 异常系 | J79: 校验双事由时添加事由是否会继续添加 | K79: 1.总部人员身份 2.转到离岗报备添加界面 3.存在两条事由 | L79: 1.点击添加事由按钮 | N79: 添加失败并给与相关提示
B80: =SUBTOTAL(103,$C$11:C80) -> 70 | C80: =测试大纲!$A$13 -> 3 | D80: 报备管理 | E80: 离岗报备 | F80: 离岗报备添加 | G80: =$D$9 & "-"&测试大纲!I$13&"-"&TEXT(SUBTOTAL(103,$C$11:C80),"000") -> Web-LGBB-070 | H80: 高 | I80: 异常系 | J80: 校验单事由时删除功能是否有效 | K80: 1.总部人员身份 2.转到离岗报备添加界面 3.只存在一条事由 | L80: 1.点击删除事由按钮 | N80: 删除失败并给与相关提示
B81: =SUBTOTAL(103,$C$11:C81) -> 71 | C81: =测试大纲!$A$13 -> 3 | D81: 报备管理 | E81: 离岗报备 | F81: 离岗报备添加 | G81: =$D$9 & "-"&测试大纲!I$13&"-"&TEXT(SUBTOTAL(103,$C$11:C81),"000") -> Web-LGBB-071 | H81: 高 | I81: 正常系 | J81: 校验双事由删除第二条功能是否有效 | K81: 1.总部人员身份 2.转到离岗报备添加界面 3.存在两条事由 | L81: 1.点击删除事由按钮删除第二条事由 | N81: 删除成功并且对应的事由框从页面消失
B82: =SUBTOTAL(103,$C$11:C82) -> 72 | C82: =测试大纲!$A$13 -> 3 | D82: 报备管理 | E82: 离岗报备 | F82: 离岗报备添加 | G82: =$D$9 & "-"&测试大纲!I$13&"-"&TEXT(SUBTOTAL(103,$C$11:C82),"000") -> Web-LGBB-072 | H82: 高 | I82: 异常系 | J82: 校验双事由删除第一条事由是否有效 | K82: 1.总部人员身份 2.转到离岗报备添加界面 3.存在两条事由 | L82: 1.点击删除事由按钮删除第一条事由 | N82: 删除失败并给与相关提示
B83: =SUBTOTAL(103,$C$11:C83) -> 73 | C83: =测试大纲!$A$13 -> 3 | D83: 报备管理 | E83: 离岗报备 | F83: 离岗报备添加 | G83: =$D$9 & "-"&测试大纲!I$13&"-"&TEXT(SUBTOTAL(103,$C$11:C83),"000") -> Web-LGBB-073 | H83: 中 | I83: 异常系 | J83: 校验离岗时间长度异常时是否可以进行查询并且是否存在相关提示 | K83: 1.总部人员身份 2.转到离岗报备添加界面 | L83: 1.选择事由 2.输入离岗时间 3.输入电话 4.输入邮箱 5.输入负责人 6.勾选内部审批 7.点击添加 | M83: 1.出国旅行 2.2017-10-11~2017-10-07 3.13829362187 4.442444109@qq.com 5.袁健康 | N83: 弹出提示并添加无效
B84: =SUBTOTAL(103,$C$11:C84) -> 74 | C84: =测试大纲!$A$13 -> 3 | D84: 报备管理 | E84: 离岗报备 | F84: 离岗报备添加 | G84: =$D$9 & "-"&测试大纲!I$13&"-"&TEXT(SUBTOTAL(103,$C$11:C84),"000") -> Web-LGBB-074 | H84: 中 | I84: 异常系 | J84: 校验邮箱填写缺少"@"时添加是否可以添加并且是否会弹出相应提醒 | K84: 1.总部人员身份 2.转到离岗报备添加界面 | L84: 1.选择事由 2.输入离岗时间 3.输入电话 4.输入邮箱 5.输入负责人 6.勾选内部审批 7.点击添加 | M84: 1.出国旅行 2.2017-10-11~2017-10-07 3.13829362187 4.442444109qq.com 5.袁健康 | N84: 弹出相关提示邮箱输入格式有误并且添加无效
B85: =SUBTOTAL(103,$C$11:C85) -> 75 | C85: =测试大纲!$A$13 -> 3 | D85: 报备管理 | E85: 离岗报备 | F85: 离岗报备添加 | G85: =$D$9 & "-"&测试大纲!I$13&"-"&TEXT(SUBTOTAL(103,$C$11:C85),"000") -> Web-LGBB-075 | H85: 中 | I85: 异常系 | J85: 校验邮箱填写缺少"."时添加是否可以添加并且是否会弹出相应提醒 | K85: 1.总部人员身份 2.转到离岗报备添加界面 | L85: 1.选择事由 2.输入离岗时间 3.输入电话 4.输入邮箱 5.输入负责人 6.勾选内部审批 8.点击添加 | M85: 1.出国旅行 2.2017-10-11~2017-10-07 3.13829362187 4.442444109@qqcom 5.袁健康 | N85: 弹出相关提示邮箱输入格式有误并且添加无效
B86: =SUBTOTAL(103,$C$11:C86) -> 76 | C86: =测试大纲!$A$13 -> 3 | D86: 报备管理 | E86: 离岗报备 | F86: 离岗报备添加 | G86: =$D$9 & "-"&测试大纲!I$13&"-"&TEXT(SUBTOTAL(103,$C$11:C86),"000") -> Web-LGBB-076 | H86: 中 | I86: 异常系 | J86: 校验邮箱填写存在除@和.外的特殊符号时添加是否可以添加并且是否会弹出相应提醒 | K86: 1.总部人员身份 2.转到离岗报备添加界面 | L86: 1.选择事由 2.输入离岗时间 3.输入电话 4.输入邮箱 5.输入负责人 6.勾选内部审批 9.点击添加 | M86: 1.出国旅行 2.2017-10-11~2017-10-07 3.13829362187 4.fg%^125487@qq.com 5.袁健康 | N86: 弹出相关提示邮箱输入格式有误并且添加无效
B87: =SUBTOTAL(103,$C$11:C87) -> 77 | C87: =测试大纲!$A$13 -> 3 | D87: 报备管理 | E87: 离岗报备 | F87: 离岗报备审批 | G87: =$D$9 & "-"&测试大纲!I$13&"-"&TEXT(SUBTOTAL(103,$C$11:C87),"000") -> Web-LGBB-077 | H87: 高 | I87: 正常系 | J87: 界面元素完整性校验 | K87: 1.总部人员身份 2.转到离岗报备审批界面 | N87: 页面元素如下： 1.文本框：所属航站、姓名 2.按钮：搜索、审批、删除 3.日期控件：上报时间 4.标签：搜索到X条数据 数据展示区（从前往后）：员工号、中文名、外文名、所属航站、事由、离岗时间、天数、提交人、操作
B88: =SUBTOTAL(103,$C$11:C88) -> 78 | C88: =测试大纲!$A$13 -> 3 | D88: 报备管理 | E88: 离岗报备 | F88: 离岗报备审批 | G88: =$D$9 & "-"&测试大纲!I$13&"-"&TEXT(SUBTOTAL(103,$C$11:C88),"000") -> Web-LGBB-078 | H88: 高 | I88: 正常系 | J88: 默认界面数据正确性校验 | K88: 1.总部人员身份 2.转到离岗报备审批界面 | N88: 界面输入框信息全部为空
B89: =SUBTOTAL(103,$C$11:C89) -> 79 | C89: =测试大纲!$A$13 -> 3 | D89: 报备管理 | E89: 离岗报备 | F89: 离岗报备审批 | G89: =$D$9 & "-"&测试大纲!I$13&"-"&TEXT(SUBTOTAL(103,$C$11:C89),"000") -> Web-LGBB-079 | H89: 高 | I89: 正常系 | J89: 校验默认查询是否会返回所有数据 | K89: 1.总部人员身份 2.转到离岗报备审批界面 | N89: 筛选出所有的未批准离岗报备并于数据区展示
B90: =SUBTOTAL(103,$C$11:C90) -> 80 | C90: =测试大纲!$A$13 -> 3 | D90: 报备管理 | E90: 离岗报备 | F90: 离岗报备审批 | G90: =$D$9 & "-"&测试大纲!I$13&"-"&TEXT(SUBTOTAL(103,$C$11:C90),"000") -> Web-LGBB-080 | H90: 低 | I90: 正常系 | J90: 搜索结果数量统计是否正确 | K90: 1.总部人员身份 2.转到离岗报备审批界面 | L90: 1.输入航站代码 2.点击搜索 | M90: PEK | N90: 显示的结果数与标签“共搜索到X条数据”中的X相等
B91: =SUBTOTAL(103,$C$11:C91) -> 81 | C91: =测试大纲!$A$13 -> 3 | D91: 报备管理 | E91: 离岗报备 | F91: 离岗报备审批 | G91: =$D$9 & "-"&测试大纲!I$13&"-"&TEXT(SUBTOTAL(103,$C$11:C91),"000") -> Web-LGBB-081 | H91: 低 | I91: 正常系 | J91: 校验查询结果是否按上报时间降序排序 | K91: 1.总部人员身份 2.转到离岗报备审批界面 | L91: 1.点击搜索 | N91: 筛选出所有的未批准离岗报备并于数据区按上报时间降序展示
B92: =SUBTOTAL(103,$C$11:C92) -> 82 | C92: =测试大纲!$A$13 -> 3 | D92: 报备管理 | E92: 离岗报备 | F92: 离岗报备审批 | G92: =$D$9 & "-"&测试大纲!I$13&"-"&TEXT(SUBTOTAL(103,$C$11:C92),"000") -> Web-LGBB-082 | H92: 高 | I92: 正常系 | J92: 校验是否可以根据航站代码进行查询 | K92: 1.总部人员身份 2.转到离岗报备审批界面 | L92: 1.输入航站代码 2.点击“搜索” | M92: PEK | N92: 筛选出对应航站所有人员未审批的离岗报备并于数据区展示
B93: =SUBTOTAL(103,$C$11:C93) -> 83 | C93: =测试大纲!$A$13 -> 3 | D93: 报备管理 | E93: 离岗报备 | F93: 离岗报备审批 | G93: =$D$9 & "-"&测试大纲!I$13&"-"&TEXT(SUBTOTAL(103,$C$11:C93),"000") -> Web-LGBB-083 | H93: 高 | I93: 正常系 | J93: 校验是否可以根据中文姓名进行查询 | K93: 1.总部人员身份 2.转到离岗报备审批界面 | L93: 1.输入姓名 2.点击“搜索” | M93: 杨国军 | N93: 筛选出对应员工中文姓名未审批的离岗报备并于数据区展示
B94: =SUBTOTAL(103,$C$11:C94) -> 84 | C94: =测试大纲!$A$13 -> 3 | D94: 报备管理 | E94: 离岗报备 | F94: 离岗报备审批 | G94: =$D$9 & "-"&测试大纲!I$13&"-"&TEXT(SUBTOTAL(103,$C$11:C94),"000") -> Web-LGBB-084 | H94: 高 | I94: 正常系 | J94: 校验是否可以根据外文姓名进行查询 | K94: 1.总部人员身份 2.转到离岗报备审批界面 | L94: 1.输入姓名 2.点击“搜索” | M94: Jiny | N94: 筛选出对应员工外文姓名未审批的离岗报备并于数据区展示
B95: =SUBTOTAL(103,$C$11:C95) -> 85 | C95: =测试大纲!$A$13 -> 3 | D95: 报备管理 | E95: 离岗报备 | F95: 离岗报备审批 | G95: =$D$9 & "-"&测试大纲!I$13&"-"&TEXT(SUBTOTAL(103,$C$11:C95),"000") -> Web-LGBB-085 | H95: 高 | I95: 正常系 | J95: 校验是否可以根据上报时间进行查询 | K95: 1.总部人员身份 2.转到离岗报备审批界面 | L95: 1.选择上报时间 2.点击“搜索” | M95: 2017-10-11~2017-11-12 | N95: 筛选出对应上报时间内未审批的离岗报备并于数据区展示
B96: =SUBTOTAL(103,$C$11:C96) -> 86 | C96: =测试大纲!$A$13 -> 3 | D96: 报备管理 | E96: 离岗报备 | F96: 离岗报备审批 | G96: =$D$9 & "-"&测试大纲!I$13&"-"&TEXT(SUBTOTAL(103,$C$11:C96),"000") -> Web-LGBB-086 | H96: 高 | I96: 异常系 | J96: 校验不存在的航站代码查询是否会返回数据并弹出提示 | K96: 1.总部人员身份 2.转到离岗报备审批界面 | L96: 1.输入航站代码 2.点击搜索 | M96: PPL | N96: 筛选记录数为0，并弹出相关提示
B97: =SUBTOTAL(103,$C$11:C97) -> 87 | C97: =测试大纲!$A$13 -> 3 | D97: 报备管理 | E97: 离岗报备 | F97: 离岗报备审批 | G97: =$D$9 & "-"&测试大纲!I$13&"-"&TEXT(SUBTOTAL(103,$C$11:C97),"000") -> Web-LGBB-087 | H97: 高 | I97: 异常系 | J97: 校验不存在的姓名查询是否会返回数据并弹出提示 | K97: 1.总部人员身份 2.转到离岗报备审批界面 | L97: 1.输入姓名 2.点击搜索 | M97: 杨杨洋 | N97: 筛选记录数为0，并弹出相关提示
B98: =SUBTOTAL(103,$C$11:C98) -> 88 | C98: =测试大纲!$A$13 -> 3 | D98: 报备管理 | E98: 离岗报备 | F98: 离岗报备审批 | G98: =$D$9 & "-"&测试大纲!I$13&"-"&TEXT(SUBTOTAL(103,$C$11:C98),"000") -> Web-LGBB-088 | H98: 高 | I98: 异常系 | J98: 校验不存在的上报时间查询是否会返回数据并弹出提示 | K98: 1.总部人员身份 2.转到离岗报备审批界面 | L98: 1.选择上报时间 2.点击“搜索” | M98: 2017-11-13~2017-11-14 | N98: 筛选记录数为0，并弹出相关提示
B99: =SUBTOTAL(103,$C$11:C99) -> 89 | C99: =测试大纲!$A$13 -> 3 | D99: 报备管理 | E99: 离岗报备 | F99: 离岗报备审批 | G99: =$D$9 & "-"&测试大纲!I$13&"-"&TEXT(SUBTOTAL(103,$C$11:C99),"000") -> Web-LGBB-089 | H99: 高 | I99: 正常系 | J99: 校验姓名是否支持模糊查询 | K99: 1.总部人员身份 2.转到离岗报备审批界面 | L99: 1.输入姓名 2.点击搜索 | M99: 杨 | N99: 筛选记录的姓名开头都与和测试数据相同
B100: =SUBTOTAL(103,$C$11:C100) -> 90 | C100: =测试大纲!$A$13 -> 3 | D100: 报备管理 | E100: 离岗报备 | F100: 离岗报备审批 | G100: =$D$9 & "-"&测试大纲!I$13&"-"&TEXT(SUBTOTAL(103,$C$11:C100),"000") -> Web-LGBB-090 | H100: 高 | I100: 正常系 | J100: 校验航站代码是否支持模糊查询 | K100: 1.总部人员身份 2.转到离岗报备审批界面 | L100: 1.输入航站代码 2.点击搜索 | M100: P | N100: 筛选记录的航站开头都与和测试数据相同
B101: =SUBTOTAL(103,$C$11:C101) -> 91 | C101: =测试大纲!$A$13 -> 3 | D101: 报备管理 | E101: 离岗报备 | F101: 离岗报备审批 | G101: =$D$9 & "-"&测试大纲!I$13&"-"&TEXT(SUBTOTAL(103,$C$11:C101),"000") -> Web-LGBB-091 | H101: 高 | I101: 异常系 | J101: 校验离岗时间长度异常时是否可以进行查询并且是否存在相关提示 | K101: 1.总部人员身份 2.转到离岗报备审批界面 | L101: 1.输入离岗时间 2.点击搜索 | M101: 2017-12-11~2017-11-12 | N101: 弹出相关提示并且查询无效
B102: =SUBTOTAL(103,$C$11:C102) -> 92 | C102: =测试大纲!$A$13 -> 3 | D102: 报备管理 | E102: 离岗报备 | F102: 离岗报备审批 | G102: =$D$9 & "-"&测试大纲!I$13&"-"&TEXT(SUBTOTAL(103,$C$11:C102),"000") -> Web-LGBB-092 | H102: 高 | I102: 正常系 | J102: 全条件关联查询 | K102: 1.总部人员身份 2.转到离岗报备审批界面 | L102: 1.输入姓名 2.输入航站 3.选择离岗时间 4.点击搜索 | M102: 1.杨国军 2.PEK 3.2017-10-11~2017-11-12 | N102: 根据条件筛选出对应数据
B103: =SUBTOTAL(103,$C$11:C103) -> 93 | C103: =测试大纲!$A$13 -> 3 | D103: 报备管理 | E103: 离岗报备 | F103: 离岗报备审批 | G103: =$D$9 & "-"&测试大纲!I$13&"-"&TEXT(SUBTOTAL(103,$C$11:C103),"000") -> Web-LGBB-093 | H103: 高 | I103: 异常系 | J103: 单一离岗时间不关联，其他全条件关联查询，校验是否会返回数据并且给与相关提示 | K103: 1.总部人员身份 2.转到离岗报备审批界面 | L103: 1.输入姓名 2.输入航站 3.选择离岗时间 4.点击搜索 | M103: 1.杨国军 2.PEK 3.2017-11-13~2017-11-14 | N103: 筛选记录数为0，并弹出相关提示
... B105: =SUBTOTAL(103,$C$11:C105) -> 95 | C105: =测试大纲!$A$13 -> 3 | D105: 报备管理 | E105: 离岗报备 | F105: 离岗报备审批 | G105: =$D$9 & "-"&测试大纲!I$13&"-"&TEXT(SUBTOTAL(103,$C$11:C105),"000") -> Web-LGBB-095 | H105: 高 | I105: 异常系 | J105: 单一航站不关联，其他全条件关联查询，校验是否会返回数据并且给与相关提示 | K105: 1.总部人员身份 2.转到离岗报备审批界面 | L105: 1.输入姓名 2.输入航站 3.选择离岗时间 4.点击搜索 | M105: 1.杨国军 2.PPL 3.2017-10-11~2017-11-12 | N105: 筛选记录数为0，并弹出相关提示
B106: =SUBTOTAL(103,$C$11:C106) -> 96 | C106: =测试大纲!$A$13 -> 3 | D106: 报备管理 | E106: 离岗报备 | F106: 离岗报备审批 | G106: =$D$9 & "-"&测试大纲!I$13&"-"&TEXT(SUBTOTAL(103,$C$11:C106),"000") -> Web-LGBB-096 | H106: 高 | I106: 正常系 | J106: 校验审批界面元素是否完整 | K106: 1.总部人员身份 2.转到离岗报备审批界面 3.存在未批准的离岗报备 | L106: 1.选择一条数据点击后面审批按钮 | N106: 所有数据框锁定无法操作，页面元素如下： 1.文本框：员工号、中文姓名、外文姓名、所属航站、事由、离岗后联系电话、离岗后联系邮箱、离岗后站点负责人联系电话、离岗后站点负责人邮箱 2.勾选框：航展内部已审批通过 3.按钮：拒绝、同意 4.下拉框：负责人 5.日期控件：离岗时间 6.标签：填报人
B107: =SUBTOTAL(103,$C$11:C107) -> 97 | C107: =测试大纲!$A$13 -> 3 | D107: 报备管理 | E107: 离岗报备 | F107: 离岗报备审批 | G107: =$D$9 & "-"&测试大纲!I$13&"-"&TEXT(SUBTOTAL(103,$C$11:C107),"000") -> Web-LGBB-097 | H107: 高 | I107: 正常系 | J107: 校验页面数据是否正确 | K107: 1.总部人员身份 2.转到离岗报备审批界面 3.存在未批准的离岗报备 | L107: 1.选择一个未批准的离岗报备，点击“审批” | N107: 页面数据与添加时后台维护的数据一致
B108: =SUBTOTAL(103,$C$11:C108) -> 98 | C108: =测试大纲!$A$13 -> 3 | D108: 报备管理 | E108: 离岗报备 | F108: 离岗报备审批 | G108: =$D$9 & "-"&测试大纲!I$13&"-"&TEXT(SUBTOTAL(103,$C$11:C108),"000") -> Web-LGBB-098 | H108: 高 | I108: 正常系 | J108: 校验审批同意功能是否有效 | K108: 1.总部人员身份 2.转到离岗报备审批界面 3.存在未批准的离岗报备 | L108: 1.选择一个未批准的离岗报备，点击“审批” 2.点击同意 | N108: 在审批查询界面消失且查询不到；在离岗报备查询中能查询到该记录，点击查看进去后状态变为已同意
B109: =SUBTOTAL(103,$C$11:C109) -> 99 | C109: =测试大纲!$A$13 -> 3 | D109: 报备管理 | E109: 离岗报备 | F109: 离岗报备审批 | G109: =$D$9 & "-"&测试大纲!I$13&"-"&TEXT(SUBTOTAL(103,$C$11:C109),"000") -> Web-LGBB-099 | H109: 高 | I109: 正常系 | J109: 校验审批拒绝功能是否有效 | K109: 1.总部人员身份 2.转到离岗报备审批界面 3.存在未批准的离岗报备 | L109: 1.选择一个未批准的离岗报备，点击“审批” 2.点击拒绝 | N109: 在审批查询界面消失且查询不到；在离岗报备查询中能查询到该记录，点击查看进去后状态变为已拒绝
B110: =SUBTOTAL(103,$C$11:C110) -> 100 | C110: =测试大纲!$A$13 -> 3 | D110: 报备管理 | E110: 离岗报备 | F110: 离岗报备审批 | G110: =$D$9 & "-"&测试大纲!I$13&"-"&TEXT(SUBTOTAL(103,$C$11:C110),"000") -> Web-LGBB-100 | H110: 高 | I110: 正常系 | J110: 校验审批子页面是否能够增加事由 | K110: 1.总部人员身份 2.转到离岗报备审批界面 3.存在未批准的离岗报备 | L110: 1.选择一个未批准的离岗报备，点击“审批” 3.点击“增加事由”按钮 | N110: 操作无效并给与相应提示
B111: =SUBTOTAL(103,$C$11:C111) -> 101 | C111: =测试大纲!$A$13 -> 3 | D111: 报备管理 | E111: 离岗报备 | F111: 离岗报备审批 | G111: =$D$9 & "-"&测试大纲!I$13&"-"&TEXT(SUBTOTAL(103,$C$11:C111),"000") -> Web-LGBB-101 | H111: 高 | I111: 正常系 | J111: 校验审批子页面是否能够删除事由 | K111: 1.总部人员身份 2.转到离岗报备审批界面 3.存在未批准的离岗报备 | L111: 1.选择一个未批准的离岗报备，点击“审批” 3.点击“删除事由”按钮 | N111: 操作无效并给与相应提示
B112: =SUBTOTAL(103,$C$11:C112) -> 102 | C112: =测试大纲!$A$13 -> 3 | D112: 报备管理 | E112: 离岗报备 | F112: 离岗报备审批 | G112: =$D$9 & "-"&测试大纲!I$13&"-"&TEXT(SUBTOTAL(103,$C$11:C112),"000") -> Web-LGBB-102 | H112: 中 | I112: 正常系 | J112: 校验航站代码能否自动转换大写有效性 | K112: 1.总部人员身份 2.转到离岗报备审批界面 | L112: 1.输入航站 2.鼠标点击页面空白的地方 | M112: vvv | N112: VVV
B113: =SUBTOTAL(103,$C$11:C113) -> 103 | C113: =测试大纲!$A$13 -> 3 | D113: 报备管理 | E113: 离岗报备 | F113: 离岗报备审批 | G113: =$D$9 & "-"&测试大纲!I$13&"-"&TEXT(SUBTOTAL(103,$C$11:C113),"000") -> Web-LGBB-103 | H113: 低 | I113: 正常系 | J113: 校验航站代码含数字时是否能够查询 | K113: 1.总部人员身份 2.转到离岗报备审批界面 | L113: 1.输入航站 2.点击搜索 | M113: PEK123 | N113: 弹出相关提示并且查询无效
B114: =SUBTOTAL(103,$C$11:C114) -> 104 | C114: =测试大纲!$A$13 -> 3 | D114: 报备管理 | E114: 离岗报备 | F114: 离岗报备审批 | G114: =$D$9 & "-"&测试大纲!I$13&"-"&TEXT(SUBTOTAL(103,$C$11:C114),"000") -> Web-LGBB-104 | H114: 低 | I114: 正常系 | J114: 校验航站代码含特殊字符时是否能够查询 | K114: 1.总部人员身份 2.转到离岗报备审批界面 | L114: 1.输入航站 2.点击搜索 | M114: PEK，。、 | N114: 弹出相关提示并且查询无效
...

Sheet 运行月报告
B2: 测试用例
S4: 第1轮 | W4: 第2轮 | AA4: 第N轮
S5: 用例条数 | T5: =SUMPRODUCT(($G$11:$G$1875<>"")*($Q$11:$Q$1874<>"删除")) -> #N/A | U5: OK | V5: =SUMPRODUCT(($R$11:$R$1671="是")*(S$11:S$1671=U$5)) -> 0 | W5: 用例条数 | X5: {=SUMPRODUCT(($G$11:$G$1875<>"")*($Q$11:$Q$1874<>"删除"))} -> #N/A | Y5: OK | Z5: =SUMPRODUCT(($R$11:$R$1671="是")*(W$11:W$1671=Y$5)) -> 0 | AA5: 用例条数 | AB5: {=SUMPRODUCT(($G$11:$G$1875<>"")*($Q$11:$Q$1874<>"删除"))} -> #N/A | AC5: OK | AD5: =SUMPRODUCT(($R$11:$R$1671="是")*(AA$11:AA$1671=AC$5)) -> 0
S6: 纳入测试 | T6: {=COUNTIF($R$10:$R$1671,"是")} -> 3 | U6: POK | V6: =SUMPRODUCT(($R$11:$R$1671="是")*(S$11:S$1671=U$6)) -> 0 | W6: 纳入测试 | X6: {=COUNTIF($R$10:$R$1671,"是")} -> 3 | Y6: POK | Z6: =SUMPRODUCT(($R$11:$R$1671="是")*(W$11:W$1671=Y$6)) -> 0 | AA6: 纳入测试 | AB6: {=COUNTIF($R$10:$R$1671,"是")} -> 3 | AC6: POK | AD6: =SUMPRODUCT(($R$11:$R$1671="是")*(AA$11:AA$1671=AC$6)) -> 0
S7: 执行率 | T7: =IF(V5+V6+V7=0,0%,(V5+V6+V7)/(T6)) -> 0 | U7: NG | V7: =SUMPRODUCT(($R$11:$R$1671="是")*(S$11:S$1671=U$7)) -> 0 | W7: 执行率 | X7: =IF(Z5+Z6+Z7=0,0%,(Z5+Z6+Z7)/(X6)) -> 0 | Y7: NG | Z7: =SUMPRODUCT(($R$11:$R$1671="是")*(W$11:W$1671=Y$7)) -> 0 | AA7: 执行率 | AB7: =IF(AD5+AD6+AD7=0,0%,(AD5+AD6+AD7)/(AB6)) -> 0 | AC7: NG | AD7: =SUMPRODUCT(($R$11:$R$1671="是")*(AA$11:AA$1671=AC$7)) -> 0
D8: 测试标识 | E8: 所属项目 | F8: 子系统 | G8: 设计人员 | S8: 通过率 | T8: {=IF(V5=0,0%,V5/(V5+V6+V7))} -> 0 | U8: SKIP | V8: =SUMPRODUCT(($R$11:$R$1671="是")*(S$11:S$1671=U$8)) -> 0 | W8: 通过率 | X8: {=IF(Z5=0,0%,Z5/(Z5+Z6+Z7))} -> 0 | Y8: SKIP | Z8: =SUMPRODUCT(($R$11:$R$1671="是")*(W$11:W$1671=Y$8)) -> 0 | AA8: 通过率 | AB8: {=IF(AD5=0,0%,AD5/(AD5+AD6+AD7))} -> 0 | AC8: SKIP | AD8: =SUMPRODUCT(($R$11:$R$1671="是")*(AA$11:AA$1671=AC$8)) -> 0
D9: Web | E9: 航站二期 | G9: 袁国军 | S9: NT | T9: {=SUMPRODUCT(($R$11:$R$1671="是")*(S$11:S$1671=S9))} -> 0 | U9: 队列中 | V9: {=(T6-V8-V7-V6-V5-T9)} -> 3 | W9: NT | X9: {=SUMPRODUCT(($R$11:$R$1671="是")*(W$11:W$1671=W9))} -> 0 | Y9: 队列中 | Z9: {=(X6-Z8-Z7-Z6-Z5-X9)} -> 3 | AA9: NT | AB9: {=SUMPRODUCT(($R$11:$R$1671="是")*(AA$11:AA$1671=AA9))} -> 0 | AC9: 队列中 | AD9: {=(AB6-AD8-AD7-AD6-AD5-AB9)} -> 3
B10: 序号 | C10: 模块编号 | D10: 一级模块 | E10: 二级模块 | F10: 三级模块 | G10: 用例编号 | H10: 优先级 | I10: 分类 | J10: 用例描述 | K10: 前置条件 | L10: 测试方法和步骤 | M10: 测试数据 | N10: 预期结果 | O10: 验证过程 | P10: 测试工具 | Q10: 修订状态 | R10: 纳入测试 | S10: 测试结果 | T10: 测试版本 | U10: 测试人 | V10: 备注 | W10: 测试结果 | X10: 测试版本 | Y10: 测试人 | Z10: 备注 | AA10: 测试结果 | AB10: 测试版本 | AC10: 测试人 | AD10: 备注 | AE10: 导入结果
B11: =SUBTOTAL(103,$C$11:C11) -> 1 | C11: =测试大纲!$A$19 -> 4 | D11: 运行月报告 | E11: 运行月报告查询 | G11: =$D$9 & "-"&测试大纲!I$19&"-"&TEXT(SUBTOTAL(103,$C$11:C11),"000") -> Web-BGCX-001 | H11: 高 | I11: 正常系 | J11: 界面元素完整性校验 | K11: 1.总部人员身份 2.进入运行月报告查询界面 | N11: 页面元素如下: 1.文本框：航站 2.勾选框：未上报 3.按钮：搜索、导出 4.数据区显示列：航站、月份、运行月报告、上报时间、上报人、操作 5.数据区按钮：查看、删除 6.日期控件：日期 7.翻页控件 8.标签：共搜索到X到数据
B12: =SUBTOTAL(103,$C$11:C12) -> 2 | C12: =测试大纲!$A$19 -> 4 | D12: 运行月报告 | E12: 运行月报告查询 | G12: =$D$9 & "-"&测试大纲!I$19&"-"&TEXT(SUBTOTAL(103,$C$11:C12),"000") -> Web-BGCX-002 | H12: 高 | I12: 正常系 | J12: 页面默认数据正确性校验 | K12: 1.总部人员身份 2.进入运行月报告查询界面 | N12: 页面所有输入框数据为空、数据展示区也为空并且页码为1
B13: =SUBTOTAL(103,$C$11:C13) -> 3 | C13: =测试大纲!$A$19 -> 4 | D13: 运行月报告 | E13: 运行月报告查询 | G13: =$D$9 & "-"&测试大纲!I$19&"-"&TEXT(SUBTOTAL(103,$C$11:C13),"000") -> Web-BGCX-003 | H13: 高 | I13: 正常系 | J13: 默认查询正确性校验 | K13: 1.总部人员身份 2.进入运行月报告查询界面 | L13: 1.点击“搜索” | N13: 筛选出两年内的运行月报告
B14: =SUBTOTAL(103,$C$11:C14) -> 4 | C14: =测试大纲!$A$19 -> 4 | D14: 运行月报告 | E14: 运行月报告查询 | G14: =$D$9 & "-"&测试大纲!I$19&"-"&TEXT(SUBTOTAL(103,$C$11:C14),"000") -> Web-BGCX-004 | H14: 低 | I14: 正常系 | J14: 搜索结果数量统计是否正确 | K14: 1.总部人员身份 2.进入运行月报告查询界面 | L14: 1.输入航站代码 2.点击搜索 | M14: PEK | N14: 显示的结果数与标签“共搜索到X条数据”中的X相等
B15: =SUBTOTAL(103,$C$11:C15) -> 5 | C15: =测试大纲!$A$19 -> 4 | D15: 运行月报告 | E15: 运行月报告查询 | G15: =$D$9 & "-"&测试大纲!I$19&"-"&TEXT(SUBTOTAL(103,$C$11:C15),"000") -> Web-BGCX-005 | H15: 高 | I15: 正常系 | J15: 单条件航站查询正确性校验 | K15: 1.总部人员身份 2.进入运行月报告查询界面 | L15: 1.输入航站代码 2.点击“搜索” | M15: CAN | N15: 筛选出对应航站所有的离岗报备
B16: =SUBTOTAL(103,$C$11:C16) -> 6 | C16: =测试大纲!$A$19 -> 4 | D16: 运行月报告 | E16: 运行月报告查询 | G16: =$D$9 & "-"&测试大纲!I$19&"-"&TEXT(SUBTOTAL(103,$C$11:C16),"000") -> Web-BGCX-006 | H16: 高 | I16: 正常系 | J16: 单条件未上报询正确性校验 | K16: 1.总部人员身份 2.进入运行月报告查询界面 | L16: 1.勾选未上报 2.点击“搜索” | N16: 筛选出对应员工所有的离岗报备
B17: =SUBTOTAL(103,$C$11:C17) -> 7 | C17: =测试大纲!$A$19 -> 4 | D17: 运行月报告 | E17: 运行月报告查询 | G17: =$D$9 & "-"&测试大纲!I$19&"-"&TEXT(SUBTOTAL(103,$C$11:C17),"000") -> Web-BGCX-007 | H17: 高 | I17: 正常系 | J17: 单条件日期查询正确性校验 | K17: 1.总部人员身份 2.进入运行月报告查询界面 | L17: 1.选择日期 2.点击“搜索” | M17: 2018-02-05~2018-02-11 | N17: 筛选出对应员工所有的离岗报备
B18: =SUBTOTAL(103,$C$11:C18) -> 8 | C18: =测试大纲!$A$19 -> 4 | D18: 运行月报告 | E18: 运行月报告查询 | G18: =$D$9 & "-"&测试大纲!I$19&"-"&TEXT(SUBTOTAL(103,$C$11:C18),"000") -> Web-BGCX-008 | H18: 高 | I18: 异常系 | J18: 不存在航站查询校验 | K18: 1.总部人员身份 2.进入运行月报告查询界面 | L18: 1.输入航站代码 2.点击“搜索” | M18: ASX | N18: 数据展示区为空
B19: =SUBTOTAL(103,$C$11:C19) -> 9 | C19: =测试大纲!$A$19 -> 4 | D19: 运行月报告 | E19: 运行月报告查询 | G19: =$D$9 & "-"&测试大纲!I$19&"-"&TEXT(SUBTOTAL(103,$C$11:C19),"000") -> Web-BGCX-009 | H19: 中 | I19: 异常系 | J19: 单条件离岗时间长度异常查询 | K19: 1.总部人员身份 2.进入运行月报告查询界面 | L19: 1.输入离岗时间 2.点击“搜索” | M19: 2018-02-05~2018-01-11 | N19: 弹出相关提示
B20: =SUBTOTAL(103,$C$11:C20) -> 10 | C20: =测试大纲!$A$19 -> 4 | D20: 运行月报告 | E20: 运行月报告查询 | G20: =$D$9 & "-"&测试大纲!I$19&"-"&TEXT(SUBTOTAL(103,$C$11:C20),"000") -> Web-BGCX-010 | H20: 高 | I20: 正常系 | J20: 全条件查询正确性校验 | K20: 1.总部人员身份 2.进入运行月报告查询界面 | L20: 1.输入航站 2.选择日期 3.勾选未上报 4.点击“搜索” | M20: 1.CAN 2.2018-02-05~2018-03-11 | N20: 筛选出对应条件所有的离岗报备
B21: =SUBTOTAL(103,$C$11:C21) -> 11 | C21: =测试大纲!$A$19 -> 4 | D21: 运行月报告 | E21: 运行月报告查询 | G21: =$D$9 & "-"&测试大纲!I$19&"-"&TEXT(SUBTOTAL(103,$C$11:C21),"000") -> Web-BGCX-011 | H21: 高 | I21: 异常系 | J21: 单一航站不关联，其他全条件关联查询，校验是否会返回数据并给与相关提示 | K21: 1.总部人员身份 2.进入运行月报告查询界面 | L21: 1.输入航站 2.选择日期 3.勾选未上报 4.点击搜索 | M21: 1.PPL 2.2018-02-05~2018-03-11 | N21: 筛选记录数为0，并弹出相关提示
B22: =SUBTOTAL(103,$C$11:C22) -> 12 | C22: =测试大纲!$A$19 -> 4 | D22: 运行月报告 | E22: 运行月报告查询 | G22: =$D$9 & "-"&测试大纲!I$19&"-"&TEXT(SUBTOTAL(103,$C$11:C22),"000") -> Web-BGCX-012 | H22: 高 | I22: 异常系 | J22: 单一日期不关联，其他全条件关联查询，校验是否会返回数据并给与相关提示 | K22: 1.总部人员身份 2.进入运行月报告查询界面 | L22: 1.输入航站 2.选择日期 3.勾选未上报 4.点击搜索 | M22: 1.PEK 2.2018-10-11~2018-11-12 | N22: 筛选记录数为0，并弹出相关提示
B23: =SUBTOTAL(103,$C$11:C23) -> 13 | C23: =测试大纲!$A$19 -> 4 | D23: 运行月报告 | E23: 运行月报告查询 | G23: =$D$9 & "-"&测试大纲!I$19&"-"&TEXT(SUBTOTAL(103,$C$11:C23),"000") -> Web-BGCX-013 | H23: 高 | I23: 异常系 | J23: 单一未上报不关联，其他全条件关联查询，校验是否会返回数据并给与相关提示 | K23: 1.总部人员身份 2.进入运行月报告查询界面 | L23: 1.输入航站 2.选择日期 3.勾选未上报 4.点击搜索 | M23: 1.CAN 2.2018-02-05~2018-03-11 | N23: 筛选记录数为0，并弹出相关提示
B24: =SUBTOTAL(103,$C$11:C24) -> 14 | C24: =测试大纲!$A$19 -> 4 | D24: 运行月报告 | E24: 运行月报告查询 | G24: =$D$9 & "-"&测试大纲!I$19&"-"&TEXT(SUBTOTAL(103,$C$11:C24),"000") -> Web-BGCX-014 | H24: 高 | I24: 正常系 | J24: 导出功能正确性校验 | K24: 1.总部人员身份 2.进入运行月报告查询界面 | L24: 1.点击“搜索” 2.点击“导出” | N24: 文件格式为Excel，内容与数据展示区内容一致
B25: =SUBTOTAL(103,$C$11:C25) -> 15 | C25: =测试大纲!$A$19 -> 4 | D25: 运行月报告 | E25: 运行月报告查询 | G25: =$D$9 & "-"&测试大纲!I$19&"-"&TEXT(SUBTOTAL(103,$C$11:C25),"000") -> Web-BGCX-015 | H25: 高 | I25: 正常系 | J25: 导出功能覆盖可用性校验 | K25: 1.总部人员身份 2.进入运行月报告查询界面 | L25: 1.点击“搜索” 2.点击“导出” 3.点击“确定”弹出覆盖提示 4.点击“确定” | N25: 提示覆盖成功，文件内容与先导出数据一致
B26: =SUBTOTAL(103,$C$11:C26) -> 16 | C26: =测试大纲!$A$19 -> 4 | D26: 运行月报告 | E26: 运行月报告查询 | G26: =$D$9 & "-"&测试大纲!I$19&"-"&TEXT(SUBTOTAL(103,$C$11:C26),"000") -> Web-BGCX-016 | H26: 高 | I26: 正常系 | J26: 航站代码自动转换大写有效性校验 | K26: 1.总部人员身份 2.进入运行月报告查询界面 | L26: 1.输入航站 2.鼠标点击页面空白的地方 | M26: 航站代码：pek | N26: 航站代码：PEK
B27: =SUBTOTAL(103,$C$11:C27) -> 17 | C27: =测试大纲!$A$19 -> 4 | D27: 运行月报告 | E27: 运行月报告查询 | G27: =$D$9 & "-"&测试大纲!I$19&"-"&TEXT(SUBTOTAL(103,$C$11:C27),"000") -> Web-BGCX-017 | H27: 低 | I27: 正常系 | J27: 校验航站代码含数字时是否能够查询 | K27: 1.总部人员身份 2.进入运行月报告查询界面 | L27: 1.输入航站 2.点击搜索 | M27: PEK123 | N27: 弹出相关提示并且查询无效
B28: =SUBTOTAL(103,$C$11:C28) -> 18 | C28: =测试大纲!$A$19 -> 4 | D28: 运行月报告 | E28: 运行月报告查询 | G28: =$D$9 & "-"&测试大纲!I$19&"-"&TEXT(SUBTOTAL(103,$C$11:C28),"000") -> Web-BGCX-018 | H28: 低 | I28: 正常系 | J28: 校验航站代码含特殊字符时是否能够查询 | K28: 1.总部人员身份 2.进入运行月报告查询界面 | L28: 1.输入航站 2.点击搜索 | M28: PEK，。、 | N28: 弹出相关提示并且查询无效
B29: =SUBTOTAL(103,$C$11:C29) -> 19 | C29: =测试大纲!$A$19 -> 4 | D29: 运行月报告 | E29: 运行月报告查询 | G29: =$D$9 & "-"&测试大纲!I$19&"-"&TEXT(SUBTOTAL(103,$C$11:C29),"000") -> Web-BGCX-019 | H29: 低 | I29: 正常系 | J29: 校验航站代码含中文时是否能够查询 | K29: 1.总部人员身份 2.进入运行月报告查询界面 | L29: 1.输入航站 2.点击搜索 | M29: PEK北京 | N29: 弹出相关提示并且查询无效
B30: =SUBTOTAL(103,$C$11:C30) -> 20 | C30: =测试大纲!$A$19 -> 4 | D30: 运行月报告 | E30: 运行月报告查询 | G30: =$D$9 & "-"&测试大纲!I$19&"-"&TEXT(SUBTOTAL(103,$C$11:C30),"000") -> Web-BGCX-020 | H30: 高 | I30: 正常系 | J30: 航站代码模糊查询可用性校验 | K30: 1.总部人员身份 2.进入运行月报告查询界面 | L30: 1.输入航站 | M30: 航站代码：pv | N30: 查询出所有PV开头的航站节假日
B31: =SUBTOTAL(103,$C$11:C31) -> 21 | C31: =测试大纲!$A$19 -> 4 | D31: 运行月报告 | E31: 运行月报告查询 | G31: =$D$9 & "-"&测试大纲!I$19&"-"&TEXT(SUBTOTAL(103,$C$11:C31),"000") -> Web-BGCX-021 | H31: 高 | I31: 正常系 | J31: 详情查看功能正确性校验 | K31: 1.总部人员身份 2.进入运行月报告查询界面 | L31: 1.点击查看 | N31: 进入月报告详情查看页面，页面内容格式与添加月报告格式一致并且部分内容与页面展示数据一致
B32: =SUBTOTAL(103,$C$11:C32) -> 22 | C32: =测试大纲!$A$19 -> 4 | D32: 运行月报告 | E32: 运行月报告查询 | G32: =$D$9 & "-"&测试大纲!I$19&"-"&TEXT(SUBTOTAL(103,$C$11:C32),"000") -> Web-BGCX-022 | H32: 中 | I32: 正常系 | J32: 删除运行月报告校验 | K32: 1.总部人员身份 2.进入运行月报告查询界面 | L32: 1.删除一条数据 | N32: 记录被删除并且刷新页面后该数据消失
B33: =SUBTOTAL(103,$C$11:C33) -> 23 | C33: =测试大纲!$A$19 -> 4 | D33: 运行月报告 | E33: 运行月报告查询 | G33: =$D$9 & "-"&测试大纲!I$19&"-"&TEXT(SUBTOTAL(103,$C$11:C33),"000") -> Web-BGCX-023 | H33: 高 | I33: 正常系 | J33: 页码点击翻页正确性校验 | K33: 1.总部人员身份 2.进入运行月报告查询界面 3.存在三页及以上记录 | L33: 1.点击"2"跳转到第二页 | N33: 跳转到第二页，当前页码为2
B34: =SUBTOTAL(103,$C$11:C34) -> 24 | C34: =测试大纲!$A$19 -> 4 | D34: 运行月报告 | E34: 运行月报告查询 | G34: =$D$9 & "-"&测试大纲!I$19&"-"&TEXT(SUBTOTAL(103,$C$11:C34),"000") -> Web-BGCX-024 | H34: 高 | I34: 正常系 | J34: 页面跳转到指定页码正确性校验 | K34: 1.总部人员身份 2.进入运行月报告查询界面 3.存在三页及以上记录 | L34: 1.输入页码 2.回车 | M34: 2 | N34: 跳转到第二页，当前页码为2
B35: =SUBTOTAL(103,$C$11:C35) -> 25 | C35: =测试大纲!$A$19 -> 4 | D35: 运行月报告 | E35: 运行月报告查询 | G35: =$D$9 & "-"&测试大纲!I$19&"-"&TEXT(SUBTOTAL(103,$C$11:C35),"000") -> Web-BGCX-025 | H35: 高 | I35: 正常系 | J35: 页面跳转至上一页正确性校验 | K35: 1.总部人员身份 2.进入运行月报告查询界面 3.存在三页及以上记录 | L35: 1.跳转至第二页 2.点击上一页图标“<” | N35: 跳转至第一页，当前页码为1
B36: =SUBTOTAL(103,$C$11:C36) -> 26 | C36: =测试大纲!$A$19 -> 4 | D36: 运行月报告 | E36: 运行月报告查询 | G36: =$D$9 & "-"&测试大纲!I$19&"-"&TEXT(SUBTOTAL(103,$C$11:C36),"000") -> Web-BGCX-026 | H36: 高 | I36: 正常系 | J36: 页面跳转至下一页正确性校验 | K36: 1.总部人员身份 2.进入运行月报告查询界面 3.存在三页及以上记录 | L36: 1.点击下一页图标“>” | N36: 跳转至第二页，当前页码为2
B37: =SUBTOTAL(103,$C$11:C37) -> 27 | C37: =测试大纲!$A$19 -> 4 | D37: 运行月报告 | E37: 运行月报告查询 | G37: =$D$9 & "-"&测试大纲!I$19&"-"&TEXT(SUBTOTAL(103,$C$11:C37),"000") -> Web-BGCX-027 | H37: 高 | I37: 异常系 | J37: 错误页码跳转校验 | K37: 1.总部人员身份 2.进入运行月报告查询界面 3.存在三页及以上记录 | L37: 1.输入页码 2.回车 | M37: 0 | N37: 提示输入页码输入有误
B38: =SUBTOTAL(103,$C$11:C38) -> 28 | C38: =测试大纲!$A$19 -> 4 | D38: 运行月报告 | E38: 运行月报告查询 | G38: =$D$9 & "-"&测试大纲!I$19&"-"&TEXT(SUBTOTAL(103,$C$11:C38),"000") -> Web-BGCX-028 | H38: 高 | I38: 正常系 | J38: 页面记录数正确性校验 | K38: 1.总部人员身份 2.进入运行月报告查询界面 3.存在三页及以上记录 | N38: 页面记录显示数量为20条
B39: =SUBTOTAL(103,$C$11:C39) -> 29 | C39: =测试大纲!$A$19 -> 4 | D39: 运行月报告 | E39: 运行月报告查询 | G39: =$D$9 & "-"&测试大纲!I$19&"-"&TEXT(SUBTOTAL(103,$C$11:C39),"000") -> Web-BGCX-029 | H39: 高 | I39: 正常系 | J39: 跳转页面后页面记录数正确性校验 | K39: 1.总部人员身份 2.进入运行月报告查询界面 3.存在三页及以上记录 | L39: 1.点击下一页图标 | N39: 页面记录显示数量为20条
B40: =SUBTOTAL(103,$C$11:C40) -> 30 | C40: =测试大纲!$A$19 -> 4 | D40: 运行月报告 | E40: 运行月报告查询 | G40: =$D$9 & "-"&测试大纲!I$19&"-"&TEXT(SUBTOTAL(103,$C$11:C40),"000") -> Web-BGCX-030 | H40: 高 | I40: 正常系 | J40: 跳转页面后查询条件正确性校验 | K40: 1.总部人员身份 2.进入运行月报告查询界面 3.存在三页及以上记录 | L40: 1.输入航站 2.点击搜索 3.点击下一页 | M40: PEK | N40: 搜索条件框数据不变，页面记录的航站都与测试数据相同
B41: =SUBTOTAL(103,$C$11:C41) -> 31 | C41: =测试大纲!$A$19 -> 4 | D41: 运行月报告 | E41: 运行月报告查询 | G41: =$D$9 & "-"&测试大纲!I$19&"-"&TEXT(SUBTOTAL(103,$C$11:C41),"000") -> Web-BGCX-031 | H41: 高 | I41: 正常系 | J41: 校验跳转页面后页码显示数量是否不变 | K41: 1.总部人员身份 2.进入运行月报告查询界面 3.存在三页及以上记录 | L41: 1.点击搜索 2.点击下一页 | N41: 跳转后的页码显示数量与跳转前相同
B42: =SUBTOTAL(103,$C$11:C42) -> 32 | C42: =测试大纲!$A$19 -> 4 | D42: 运行月报告 | E42: 运行月报告查询 | G42: =$D$9 & "-"&测试大纲!I$19&"-"&TEXT(SUBTOTAL(103,$C$11:C42),"000") -> Web-BGCX-032 | H42: 高 | I42: 异常系 | J42: 校验搜索后改变查询条件再次搜索是否是在现有结果中查询 | K42: 1.总部人员身份 2.进入运行月报告查询界面 3.存在三页及以上记录 | L42: 1.输入航站 2.点击搜索 3.修改航站 4.点击搜索 | M42: 1.PEK 2.CAN | N42: 不从现有结果中搜索而是从总数据中搜索结果
B43: =SUBTOTAL(103,$C$11:C43) -> 33 | C43: =测试大纲!$A$19 -> 4 | D43: 运行月报告 | E43: 运行月报告问题查询 | G43: =$D$9 & "-"&测试大纲!I$20&"-"&TEXT(SUBTOTAL(103,$C$43:C43),"000") -> Web-WTCX-001 | H43: 高 | I43: 正常系 | J43: 界面元素完整性校验 | K43: 1.总部人员身份 2.进入运行月报告问题查询界面 | N43: 页面元素如下: 1.文本框：航站 2.下拉框：问题大类、问题小类 3.按钮：搜索、导出 4.数据区显示列：航站、月份、问题大类、问题小类、问题描述、上报时间、操作 5.数据区按钮：查看 6.日期控件：日期 7.翻页控件 8.标签：共搜索到X条数据
B44: =SUBTOTAL(103,$C$11:C44) -> 34 | C44: =测试大纲!$A$19 -> 4 | D44: 运行月报告 | E44: 运行月报告问题查询 | G44: =$D$9 & "-"&测试大纲!I$20&"-"&TEXT(SUBTOTAL(103,$C$43:C44),"000") -> Web-WTCX-002 | H44: 高 | I44: 正常系 | J44: 页面默认数据正确性校验 | K44: 1.总部人员身份 2.进入运行月报告问题查询界面 | N44: 页面所有输入框数据为空、数据展示区也为空并且页码为1
B45: =SUBTOTAL(103,$C$11:C45) -> 35 | C45: =测试大纲!$A$19 -> 4 | D45: 运行月报告 | E45: 运行月报告问题查询 | G45: =$D$9 & "-"&测试大纲!I$20&"-"&TEXT(SUBTOTAL(103,$C$43:C45),"000") -> Web-WTCX-003 | H45: 高 | I45: 正常系 | J45: 默认查询正确性校验 | K45: 1.总部人员身份 2.进入运行月报告问题查询界面 | L45: 1.点击“搜索” | N45: 筛选出两年内的运行月报告
B46: =SUBTOTAL(103,$C$11:C46) -> 36 | C46: =测试大纲!$A$19 -> 4 | D46: 运行月报告 | E46: 运行月报告问题查询 | G46: =$D$9 & "-"&测试大纲!I$20&"-"&TEXT(SUBTOTAL(103,$C$43:C46),"000") -> Web-WTCX-004 | H46: 低 | I46: 正常系 | J46: 搜索结果数量统计是否正确 | K46: 1.总部人员身份 2.进入运行月报告问题查询界面 | L46: 1.输入航站代码 2.点击搜索 | M46: PEK | N46: 显示的结果数与标签“共搜索到X条数据”中的X相等
B47: =SUBTOTAL(103,$C$11:C47) -> 37 | C47: =测试大纲!$A$19 -> 4 | D47: 运行月报告 | E47: 运行月报告问题查询 | G47: =$D$9 & "-"&测试大纲!I$20&"-"&TEXT(SUBTOTAL(103,$C$43:C47),"000") -> Web-WTCX-005 | H47: 高 | I47: 正常系 | J47: 单条件航站查询正确性校验 | K47: 1.总部人员身份 2.进入运行月报告问题查询界面 | L47: 1.输入航站代码 2.点击“搜索” | M47: CAN | N47: 筛选出对应航站所有的航站问题报告
B48: =SUBTOTAL(103,$C$11:C48) -> 38 | C48: =测试大纲!$A$19 -> 4 | D48: 运行月报告 | E48: 运行月报告问题查询 | G48: =$D$9 & "-"&测试大纲!I$20&"-"&TEXT(SUBTOTAL(103,$C$43:C48),"000") -> Web-WTCX-006 | H48: 高 | I48: 正常系 | J48: 单条件问题大类询正确性校验 | K48: 1.总部人员身份 2.进入运行月报告问题查询界面 | L48: 1.选择问题大类 2.点击“搜索” | M48: 安全生产情况 | N48: 筛选出对应离岗原因所有的航站问题报告
B49: =SUBTOTAL(103,$C$11:C49) -> 39 | C49: =测试大纲!$A$19 -> 4 | D49: 运行月报告 | E49: 运行月报告问题查询 | G49: =$D$9 & "-"&测试大纲!I$20&"-"&TEXT(SUBTOTAL(103,$C$43:C49),"000") -> Web-WTCX-007 | H49: 高 | I49: 正常系 | J49: 单条件问题小类询正确性校验 | K49: 1.总部人员身份 2.进入运行月报告问题查询界面 | L49: 1.选择问题小类 2.点击“搜索” | M49: 危险品描述 | N49: 筛选出对应离岗原因所有的航站问题报告
B50: =SUBTOTAL(103,$C$11:C50) -> 40 | C50: =测试大纲!$A$19 -> 4 | D50: 运行月报告 | E50: 运行月报告问题查询 | G50: =$D$9 & "-"&测试大纲!I$20&"-"&TEXT(SUBTOTAL(103,$C$43:C50),"000") -> Web-WTCX-008 | H50: 高 | I50: 正常系 | J50: 单条件日期查询正确性校验 | K50: 1.总部人员身份 2.进入运行月报告问题查询界面 | L50: 1.选择日期 2.点击“搜索” | M50: 2017-01-11~2017-02-23 | N50: 筛选出对应日期内的所有的航站问题报告
B51: =SUBTOTAL(103,$C$11:C51) -> 41 | C51: =测试大纲!$A$19 -> 4 | D51: 运行月报告 | E51: 运行月报告问题查询 | G51: =$D$9 & "-"&测试大纲!I$20&"-"&TEXT(SUBTOTAL(103,$C$43:C51),"000") -> Web-WTCX-009 | H51: 高 | I51: 异常系 | J51: 不存在航站查询校验 | K51: 1.总部人员身份 2.进入运行月报告问题查询界面 | L51: 1.输入航站代码 2.点击“搜索” | M51: 不存在的航站代码 | N51: 数据展示区为空并给与相应提示
B52: =SUBTOTAL(103,$C$11:C52) -> 42 | C52: =测试大纲!$A$19 -> 4 | D52: 运行月报告 | E52: 运行月报告问题查询 | G52: =$D$9 & "-"&测试大纲!I$20&"-"&TEXT(SUBTOTAL(103,$C$43:C52),"000") -> Web-WTCX-010 | H52: 中 | I52: 异常系 | J52: 单条件日期长度异常查询 | K52: 1.总部人员身份 2.进入运行月报告问题查询界面 | L52: 1.输入离岗时间 2.点击“搜索” | M52: 结束时间早于开始时间 | N52: 弹出相关提示
B53: =SUBTOTAL(103,$C$11:C53) -> 43 | C53: =测试大纲!$A$19 -> 4 | D53: 运行月报告 | E53: 运行月报告问题查询 | G53: =$D$9 & "-"&测试大纲!I$20&"-"&TEXT(SUBTOTAL(103,$C$43:C53),"000") -> Web-WTCX-011 | H53: 高 | I53: 异常系 | J53: 单一航站不关联，其他全条件关联查询，校验是否会返回数据并给与相关提示 | K53: 1.总部人员身份 2.进入运行月报告问题查询界面 | L53: 1.选择问题大类 2.输入航站 3.选择日期 4.选择问题小类 5.点击“搜索” | M53: 1.安全生产情况 2.PPL 3.2017-01-11~2017-02-23 4.危险品描述 | N53: 数据展示区为空并给与相应提示
B54: =SUBTOTAL(103,$C$11:C54) -> 44 | C54: =测试大纲!$A$19 -> 4 | D54: 运行月报告 | E54: 运行月报告问题查询 | G54: =$D$9 & "-"&测试大纲!I$20&"-"&TEXT(SUBTOTAL(103,$C$43:C54),"000") -> Web-WTCX-012 | H54: 高 | I54: 异常系 | J54: 单一问题大类不关联，其他全条件关联查询，校验是否会返回数据并给与相关提示 | K54: 1.总部人员身份 2.进入运行月报告问题查询界面 | L54: 1.选择问题大类 2.输入航站 3.选择日期 4.选择问题小类 5.点击“搜索” | M54: 1.出国开会 2.CAN 3.2017-01-11~2017-02-23 4.危险品描述 | N54: 数据展示区为空并给与相应提示
B55: =SUBTOTAL(103,$C$11:C55) -> 45 | C55: =测试大纲!$A$19 -> 4 | D55: 运行月报告 | E55: 运行月报告问题查询 | G55: =$D$9 & "-"&测试大纲!I$20&"-"&TEXT(SUBTOTAL(103,$C$43:C55),"000") -> Web-WTCX-013 | H55: 高 | I55: 异常系 | J55: 单一问题小类不关联，其他全条件关联查询，校验是否会返回数据并给与相关提示 | K55: 1.总部人员身份 2.进入运行月报告问题查询界面 | L55: 1.选择问题大类 2.输入航站 3.选择日期 4.选择问题小类 5.点击“搜索” | M55: 1.安全生产情况 2.CAN 3.2017-01-11~2017-02-23 4.特殊货物描述 | N55: 数据展示区为空并给与相应提示
B56: =SUBTOTAL(103,$C$11:C56) -> 46 | C56: =测试大纲!$A$19 -> 4 | D56: 运行月报告 | E56: 运行月报告问题查询 | G56: =$D$9 & "-"&测试大纲!I$20&"-"&TEXT(SUBTOTAL(103,$C$43:C56),"000") -> Web-WTCX-014 | H56: 高 | I56: 异常系 | J56: 单一日期不关联，其他全条件关联查询，校验是否会返回数据并给与相关提示 | K56: 1.总部人员身份 2.进入运行月报告问题查询界面 | L56: 1.选择问题大类 2.输入航站 3.选择日期 4.选择问题小类 5.点击“搜索” | M56: 1.安全生产情况 2.CAN 3.2017-03-11~2017-04-23 4.危险品描述 | N56: 数据展示区为空并给与相应提示
B57: =SUBTOTAL(103,$C$11:C57) -> 47 | C57: =测试大纲!$A$19 -> 4 | D57: 运行月报告 | E57: 运行月报告问题查询 | G57: =$D$9 & "-"&测试大纲!I$20&"-"&TEXT(SUBTOTAL(103,$C$43:C57),"000") -> Web-WTCX-015 | H57: 高 | I57: 正常系 | J57: 全条件查询正确性校验 | K57: 1.总部人员身份 2.进入运行月报告问题查询界面 | L57: 1.选择问题大类 2.输入航站 3.选择日期 4.选择问题小类 5.点击“搜索” | M57: 1.安全生产情况 2.CAN 3.2017-01-11~2017-02-23 4.危险品描述 | N57: 筛选出对应条件所有的航站问题报告
B58: =SUBTOTAL(103,$C$11:C58) -> 48 | C58: =测试大纲!$A$19 -> 4 | D58: 运行月报告 | E58: 运行月报告问题查询 | G58: =$D$9 & "-"&测试大纲!I$20&"-"&TEXT(SUBTOTAL(103,$C$43:C58),"000") -> Web-WTCX-016 | H58: 高 | I58: 正常系 | J58: 导出功能正确性校验 | K58: 1.总部人员身份 2.进入运行月报告问题查询界面 | L58: 1.点击“搜索” 2.点击“导出” | N58: 文件格式为Excel，内容与数据展示区内容一致
B59: =SUBTOTAL(103,$C$11:C59) -> 49 | C59: =测试大纲!$A$19 -> 4 | D59: 运行月报告 | E59: 运行月报告问题查询 | G59: =$D$9 & "-"&测试大纲!I$20&"-"&TEXT(SUBTOTAL(103,$C$43:C59),"000") -> Web-WTCX-017 | H59: 低 | I59: 异常系 | J59: 空导出功能有效性校验 | K59: 1.总部人员身份 2.进入运行月报告问题查询界面 | L59: 1.点击“导出”
B60: =SUBTOTAL(103,$C$11:C60) -> 50 | C60: =测试大纲!$A$19 -> 4 | D60: 运行月报告 | E60: 运行月报告问题查询 | G60: =$D$9 & "-"&测试大纲!I$20&"-"&TEXT(SUBTOTAL(103,$C$43:C60),"000") -> Web-WTCX-018 | H60: 高 | I60: 正常系 | J60: 导出功能覆盖可用性校验 | K60: 1.总部人员身份 2.进入运行月报告问题查询界面 | L60: 1.点击“搜索” 2.点击“导出” 3.点击“确定”弹出覆盖提示 4.点击“确定” | N60: 提示覆盖成功，文件内容与先导出数据一致
B61: =SUBTOTAL(103,$C$11:C61) -> 51 | C61: =测试大纲!$A$19 -> 4 | D61: 运行月报告 | E61: 运行月报告问题查询 | G61: =$D$9 & "-"&测试大纲!I$20&"-"&TEXT(SUBTOTAL(103,$C$43:C61),"000") -> Web-WTCX-019 | H61: 高 | I61: 正常系 | J61: 航站代码自动转换大写有效性校验 | K61: 1.总部人员身份 2.进入运行月报告问题查询界面 | L61: 1.输入航站 2.鼠标点击页面空白的地方 | M61: pek | N61: 航站代码：PEK
B62: =SUBTOTAL(103,$C$11:C62) -> 52 | C62: =测试大纲!$A$19 -> 4 | D62: 运行月报告 | E62: 运行月报告问题查询 | G62: =$D$9 & "-"&测试大纲!I$20&"-"&TEXT(SUBTOTAL(103,$C$43:C62),"000") -> Web-WTCX-020 | H62: 低 | I62: 正常系 | J62: 校验航站代码含数字时是否能够查询 | K62: 1.总部人员身份 2.进入运行月报告问题查询界面 | L62: 1.输入航站 2.点击搜索 | M62: PEK123 | N62: 弹出相关提示并且查询无效
B63: =SUBTOTAL(103,$C$11:C63) -> 53 | C63: =测试大纲!$A$19 -> 4 | D63: 运行月报告 | E63: 运行月报告问题查询 | G63: =$D$9 & "-"&测试大纲!I$20&"-"&TEXT(SUBTOTAL(103,$C$43:C63),"000") -> Web-WTCX-021 | H63: 低 | I63: 正常系 | J63: 校验航站代码含特殊字符时是否能够查询 | K63: 1.总部人员身份 2.进入运行月报告问题查询界面 | L63: 1.输入航站 2.点击搜索 | M63: PEK，。、 | N63: 弹出相关提示并且查询无效
B64: =SUBTOTAL(103,$C$11:C64) -> 54 | C64: =测试大纲!$A$19 -> 4 | D64: 运行月报告 | E64: 运行月报告问题查询 | G64: =$D$9 & "-"&测试大纲!I$20&"-"&TEXT(SUBTOTAL(103,$C$43:C64),"000") -> Web-WTCX-022 | H64: 低 | I64: 正常系 | J64: 校验航站代码含中文时是否能够查询 | K64: 1.总部人员身份 2.进入运行月报告问题查询界面 | L64: 1.输入航站 2.点击搜索 | M64: PEK北京 | N64: 弹出相关提示并且查询无效
B65: =SUBTOTAL(103,$C$11:C65) -> 55 | C65: =测试大纲!$A$19 -> 4 | D65: 运行月报告 | E65: 运行月报告问题查询 | G65: =$D$9 & "-"&测试大纲!I$20&"-"&TEXT(SUBTOTAL(103,$C$43:C65),"000") -> Web-WTCX-023 | H65: 高 | I65: 正常系 | J65: 航站代码模糊查询可用性校验 | K65: 1.总部人员身份 2.进入运行月报告问题查询界面 | L65: 1.输入航站 | M65: pv | N65: 查询出所有PV开头的航站问题报告
B66: =SUBTOTAL(103,$C$11:C66) -> 56 | C66: =测试大纲!$A$19 -> 4 | D66: 运行月报告 | E66: 运行月报告问题查询 | G66: =$D$9 & "-"&测试大纲!I$20&"-"&TEXT(SUBTOTAL(103,$C$43:C66),"000") -> Web-WTCX-024 | H66: 高 | I66: 正常系 | J66: 详情查看功能正确性校验 | K66: 1.总部人员身份 2.进入运行月报告问题查询界面 | L66: 1.输入航站 | M66: pv
B67: =SUBTOTAL(103,$C$11:C67) -> 57 | C67: =测试大纲!$A$19 -> 4 | D67: 运行月报告 | E67: 运行月报告问题查询 | G67: =$D$9 & "-"&测试大纲!I$20&"-"&TEXT(SUBTOTAL(103,$C$43:C67),"000") -> Web-WTCX-025 | H67: 高 | I67: 正常系 | J67: 页面页码点击翻页正确性校验 | K67: 1.总部人员身份 2.进入运行月报告问题查询界面 3.存在三页及以上的记录 | L67: 1.点击页码跳转到第二页 | M67: 2 | N67: 跳转到第二页，当前页码为2
B68: =SUBTOTAL(103,$C$11:C68) -> 58 | C68: =测试大纲!$A$19 -> 4 | D68: 运行月报告 | E68: 运行月报告问题查询 | G68: =$D$9 & "-"&测试大纲!I$20&"-"&TEXT(SUBTOTAL(103,$C$43:C68),"000") -> Web-WTCX-026 | H68: 高 | I68: 正常系 | J68: 页面跳转到指定页码正确性校验 | K68: 1.总部人员身份 2.进入运行月报告问题查询界面 3.存在三页及以上的记录 | L68: 1.输入页码 2.回车 | M68: 2 | N68: 跳转到第二页，当前页码为2
B69: =SUBTOTAL(103,$C$11:C69) -> 59 | C69: =测试大纲!$A$19 -> 4 | D69: 运行月报告 | E69: 运行月报告问题查询 | G69: =$D$9 & "-"&测试大纲!I$20&"-"&TEXT(SUBTOTAL(103,$C$43:C69),"000") -> Web-WTCX-027 | H69: 高 | I69: 正常系 | J69: 页面跳转至上一页正确性校验 | K69: 1.总部人员身份 2.进入运行月报告问题查询界面 3.存在三页及以上的记录 | L69: 1.跳转至第二页 2.点击上一页图标 | N69: 跳转至第一页，当前页码为1
B70: =SUBTOTAL(103,$C$11:C70) -> 60 | C70: =测试大纲!$A$19 -> 4 | D70: 运行月报告 | E70: 运行月报告问题查询 | G70: =$D$9 & "-"&测试大纲!I$20&"-"&TEXT(SUBTOTAL(103,$C$43:C70),"000") -> Web-WTCX-028 | H70: 高 | I70: 正常系 | J70: 页面跳转至下一页正确性校验 | K70: 1.总部人员身份 2.进入运行月报告问题查询界面 3.存在三页及以上的记录 | L70: 1.点击下一页图标 | N70: 跳转至第二页，当前页码为2
B71: =SUBTOTAL(103,$C$11:C71) -> 61 | C71: =测试大纲!$A$19 -> 4 | D71: 运行月报告 | E71: 运行月报告问题查询 | G71: =$D$9 & "-"&测试大纲!I$20&"-"&TEXT(SUBTOTAL(103,$C$43:C71),"000") -> Web-WTCX-029 | H71: 高 | I71: 异常系 | J71: 错误页码跳转校验 | K71: 1.总部人员身份 2.进入运行月报告问题查询界面 3.存在三页及以上记录 | L71: 1.输入页码 2.回车 | M71: 0 | N71: 提示输入页码输入有误
B72: =SUBTOTAL(103,$C$11:C72) -> 62 | C72: =测试大纲!$A$19 -> 4 | D72: 运行月报告 | E72: 运行月报告问题查询 | G72: =$D$9 & "-"&测试大纲!I$20&"-"&TEXT(SUBTOTAL(103,$C$43:C72),"000") -> Web-WTCX-030 | H72: 高 | I72: 正常系 | J72: 页面记录数正确性校验 | K72: 1.总部人员身份 2.进入运行月报告问题查询界面 3.存在三页及以上记录 | N72: 页面记录显示数量为20条
B73: =SUBTOTAL(103,$C$11:C73) -> 63 | C73: =测试大纲!$A$19 -> 4 | D73: 运行月报告 | E73: 运行月报告问题查询 | G73: =$D$9 & "-"&测试大纲!I$20&"-"&TEXT(SUBTOTAL(103,$C$43:C73),"000") -> Web-WTCX-031 | H73: 高 | I73: 正常系 | J73: 跳转页面后页面记录数正确性校验 | K73: 1.总部人员身份 2.进入运行月报告问题查询界面 3.存在三页及以上记录 | L73: 1.点击下一页图标 | N73: 页面记录显示数量为20条
B74: =SUBTOTAL(103,$C$11:C74) -> 64 | C74: =测试大纲!$A$19 -> 4 | D74: 运行月报告 | E74: 运行月报告问题查询 | G74: =$D$9 & "-"&测试大纲!I$20&"-"&TEXT(SUBTOTAL(103,$C$43:C74),"000") -> Web-WTCX-032 | H74: 高 | I74: 正常系 | J74: 跳转页面后查询条件正确性校验 | K74: 1.总部人员身份 2.进入运行月报告问题查询界面 3.存在三页及以上记录 | L74: 1.输入航站 2.点击搜索 3.点击下一页 | M74: PEK | N74: 搜索条件框数据不变，页面记录的航站都与测试数据相同
B75: =SUBTOTAL(103,$C$11:C75) -> 65 | C75: =测试大纲!$A$19 -> 4 | D75: 运行月报告 | E75: 运行月报告问题查询 | G75: =$D$9 & "-"&测试大纲!I$20&"-"&TEXT(SUBTOTAL(103,$C$43:C75),"000") -> Web-WTCX-033 | H75: 高 | I75: 正常系 | J75: 校验跳转页面后页码显示数量是否不变 | K75: 1.总部人员身份 2.进入运行月报告问题查询界面 3.存在三页及以上记录 | L75: 1.点击搜索 2.点击下一页 | N75: 跳转后的页码显示数量与跳转前相同
B76: =SUBTOTAL(103,$C$11:C76) -> 66 | C76: =测试大纲!$A$19 -> 4 | D76: 运行月报告 | E76: 运行月报告问题查询 | G76: =$D$9 & "-"&测试大纲!I$20&"-"&TEXT(SUBTOTAL(103,$C$43:C76),"000") -> Web-WTCX-034 | H76: 高 | I76: 正常系 | J76: 校验搜索后改变查询条件再次搜索是否是在现有结果中查询 | K76: 1.总部人员身份 2.进入运行月报告问题查询界面 3.存在三页及以上记录 | L76: 1.输入航站 2.点击搜索 3.修改航站 4.点击搜索 | M76: 1.PEK 2.CAN | N76: 不从现有结果中搜索而是从总数据中搜索结果
B77: =SUBTOTAL(103,$C$11:C77) -> 67 | C77: =测试大纲!$A$19 -> 4 | D77: 运行月报告 | E77: 运行月报告上报 | G77: =$D$9 & "-"&测试大纲!I$21&"-"&TEXT(SUBTOTAL(103,$C$77:C77),"000") -> Web-BGSB-001 | H77: 高 | I77: 正常系 | J77: 界面元素完整性校验 | K77: 1.总部人员身份 2.进入运行月报告上报页面 | N77: 页面元素如下： 1.多行文本框：问题 2.标签：航站、上报人、上报日期、上报月份、填写说明 3.按钮：展开、附件、“删除问题”、“添加问题”、提交、取消 4.下拉框：上报年月
B78: =SUBTOTAL(103,$C$11:C78) -> 68 | C78: =测试大纲!$A$19 -> 4 | D78: 运行月报告 | E78: 运行月报告上报 | G78: =$D$9 & "-"&测试大纲!I$21&"-"&TEXT(SUBTOTAL(103,$C$77:C78),"000") -> Web-BGSB-002 | H78: 高 | I78: 正常系 | J78: 校验页面默认数据是否正确 | K78: 1.总部人员身份 2.进入运行月报告上报页面 | N78: 界面输入框信息全部为空，航站、上报人取当前账号信息；上报日期、上报年月取当前时间；填写说明为后台维护数据
B79: =SUBTOTAL(103,$C$11:C79) -> 69 | C79: =测试大纲!$A$19 -> 4 | D79: 运行月报告 | E79: 运行月报告上报 | G79: =$D$9 & "-"&测试大纲!I$21&"-"&TEXT(SUBTOTAL(103,$C$77:C79),"000") -> Web-BGSB-003 | H79: 高 | I79: 正常系 | J79: 问题必填性校验 | K79: 1.总部人员身份 2.进入运行月报告上报页面 | L79: 1.点击添加 | N79: 弹出相关提示并且之前操作无效
B80: =SUBTOTAL(103,$C$11:C80) -> 70 | C80: =测试大纲!$A$19 -> 4 | D80: 运行月报告 | E80: 运行月报告上报 | G80: =$D$9 & "-"&测试大纲!I$21&"-"&TEXT(SUBTOTAL(103,$C$77:C80),"000") -> Web-BGSB-004 | H80: 高 | I80: 正常系 | J80: 上报年月自动填充正确性校验 | K80: 1.总部人员身份 2.进入运行月报告上报页面 | N80: 自动根据登录当前时间自动填写
B81: =SUBTOTAL(103,$C$11:C81) -> 71 | C81: =测试大纲!$A$19 -> 4 | D81: 运行月报告 | E81: 运行月报告上报 | G81: =$D$9 & "-"&测试大纲!I$21&"-"&TEXT(SUBTOTAL(103,$C$77:C81),"000") -> Web-BGSB-005 | H81: 高 | I81: 正常系 | J81: 上报日期、上报人、航站自动填充正确性校验 | K81: 1.总部人员身份 2.进入运行月报告上报页面 | N81: 自动根据登录账号的相关信息自动填写
B82: =SUBTOTAL(103,$C$11:C82) -> 72 | C82: =测试大纲!$A$19 -> 4 | D82: 运行月报告 | E82: 运行月报告上报 | G82: =$D$9 & "-"&测试大纲!I$21&"-"&TEXT(SUBTOTAL(103,$C$77:C82),"000") -> Web-BGSB-006 | H82: 中 | I82: 正常系 | J82: 填写说明省略正确性校验 | K82: 1.总部人员身份 2.进入运行月报告上报页面 | N82: 大于20个中文的时候默认用省略号表示
B83: =SUBTOTAL(103,$C$11:C83) -> 73 | C83: =测试大纲!$A$19 -> 4 | D83: 运行月报告 | E83: 运行月报告上报 | G83: =$D$9 & "-"&测试大纲!I$21&"-"&TEXT(SUBTOTAL(103,$C$77:C83),"000") -> Web-BGSB-007 | H83: 低 | I83: 正常系 | J83: 填写说明展开有效性校验 | K83: 1.总部人员身份 2.进入运行月报告上报页面 | L83: 1.点击展开 | N83: 模态窗口显示填写说明全文
B84: =SUBTOTAL(103,$C$11:C84) -> 74 | C84: =测试大纲!$A$19 -> 4 | D84: 运行月报告 | E84: 运行月报告上报 | G84: =$D$9 & "-"&测试大纲!I$21&"-"&TEXT(SUBTOTAL(103,$C$77:C84),"000") -> Web-BGSB-008 | H84: 低 | I84: 正常系 | J84: 填写说明收起有效性校验 | K84: 1.总部人员身份 2.进入运行月报告上报页面 3.填写说明处于展开状态 | L84: 1.点击收起 | N84: 填写说明只显示超过20个中文的部分
B85: =SUBTOTAL(103,$C$11:C85) -> 75 | C85: =测试大纲!$A$19 -> 4 | D85: 运行月报告 | E85: 运行月报告上报 | G85: =$D$9 & "-"&测试大纲!I$21&"-"&TEXT(SUBTOTAL(103,$C$77:C85),"000") -> Web-BGSB-009 | H85: 高 | I85: 正常系 | J85: 附件上传有效性校验 | K85: 1.总部人员身份 2.进入运行月报告上报页面 | L85: 1.点击附件 2.选择1个文件（不大于1M） 3.点击确定 | N85: 附件上传成功
B86: =SUBTOTAL(103,$C$11:C86) -> 76 | C86: =测试大纲!$A$19 -> 4 | D86: 运行月报告 | E86: 运行月报告上报 | G86: =$D$9 & "-"&测试大纲!I$21&"-"&TEXT(SUBTOTAL(103,$C$77:C86),"000") -> Web-BGSB-010 | H86: 中 | I86: 异常系 | J86: 附件上传数量正确性校验 | K86: 1.总部人员身份 2.进入运行月报告上报页面 | L86: 1.点击附件 2.选择5个文件（总大小大于1M） 3.点击确定 | N86: 附件上传成功
B87: =SUBTOTAL(103,$C$11:C87) -> 77 | C87: =测试大纲!$A$19 -> 4 | D87: 运行月报告 | E87: 运行月报告上报 | G87: =$D$9 & "-"&测试大纲!I$21&"-"&TEXT(SUBTOTAL(103,$C$77:C87),"000") -> Web-BGSB-011 | H87: 中 | I87: 异常系 | J87: 附件上传数量正确性校验 | K87: 1.总部人员身份 2.进入运行月报告上报页面 | L87: 1.点击附件 2.选择6个文件（总大小不大于1M） 3.点击确定 | N87: 附件上传失败弹出相关提示每个问题最多只能上传5个人
B88: =SUBTOTAL(103,$C$11:C88) -> 78 | C88: =测试大纲!$A$19 -> 4 | D88: 运行月报告 | E88: 运行月报告上报 | G88: =$D$9 & "-"&测试大纲!I$21&"-"&TEXT(SUBTOTAL(103,$C$77:C88),"000") -> Web-BGSB-012 | H88: 高 | I88: 异常系 | J88: 附件上传数量正确性校验 | K88: 1.总部人员身份 2.进入运行月报告上报页面 | L88: 1.点击附件 2.选择5个文件（总大小大于1M） 3.点击确定 | N88: 附件上传失败弹出相关提示文件总大小不能超过1M
B89: =SUBTOTAL(103,$C$11:C89) -> 79 | C89: =测试大纲!$A$19 -> 4 | D89: 运行月报告 | E89: 运行月报告上报 | G89: =$D$9 & "-"&测试大纲!I$21&"-"&TEXT(SUBTOTAL(103,$C$77:C89),"000") -> Web-BGSB-013 | H89: 高 | I89: 正常系 | J89: 添加问题可用性校验 | K89: 1.总部人员身份 2.进入运行月报告上报页面 | L89: 1.添加问题小类 | N89: 页面多出一问题供用户填写
B90: =SUBTOTAL(103,$C$11:C90) -> 80 | C90: =测试大纲!$A$19 -> 4 | D90: 运行月报告 | E90: 运行月报告上报 | G90: =$D$9 & "-"&测试大纲!I$21&"-"&TEXT(SUBTOTAL(103,$C$77:C90),"000") -> Web-BGSB-014 | H90: 高 | I90: 正常系 | J90: 删除问题可用性校验 | K90: 1.总部人员身份 2.进入运行月报告上报页面 3.存在两个问题小类 | L90: 1.删除第二个问题小类 | N90: 该问题小类从页面消失
B91: =SUBTOTAL(103,$C$11:C91) -> 81 | C91: =测试大纲!$A$19 -> 4 | D91: 运行月报告 | E91: 运行月报告上报 | G91: =$D$9 & "-"&测试大纲!I$21&"-"&TEXT(SUBTOTAL(103,$C$77:C91),"000") -> Web-BGSB-015 | H91: 高 | I91: 异常系 | J91: 只有一个问题时，删除问题异常校验 | K91: 1.总部人员身份 2.进入运行月报告上报页面 3.只存在一个问题小类 | L91: 1.删除问题小类 | N91: 删除失败并给与相关提示
B92: =SUBTOTAL(103,$C$11:C92) -> 82 | C92: =测试大纲!$A$19 -> 4 | D92: 运行月报告 | E92: 运行月报告上报 | G92: =$D$9 & "-"&测试大纲!I$21&"-"&TEXT(SUBTOTAL(103,$C$77:C92),"000") -> Web-BGSB-016 | H92: 高 | I92: 异常系 | J92: 两个问题但是删除第一个问题的异常校验 | K92: 1.总部人员身份 2.进入运行月报告上报页面 3.存在两个问题小类 | L92: 1.删除第一个问题小类 | N92: 删除失败并给与相关提示
B93: =SUBTOTAL(103,$C$11:C93) -> 83 | C93: =测试大纲!$A$19 -> 4 | D93: 运行月报告 | E93: 运行月报告上报 | G93: =$D$9 & "-"&测试大纲!I$21&"-"&TEXT(SUBTOTAL(103,$C$77:C93),"000") -> Web-BGSB-017 | H93: 高 | I93: 正常系 | J93: 问题填写200个字符可行性校验 | K93: 1.总部人员身份 2.进入运行月报告上报页面 | L93: 1.填写一个问题至200字符 2.其他正常填写 3.点击“提交” | N93: 提交成功并且能在运行月报告查询中查询到相关记录
B94: =SUBTOTAL(103,$C$11:C94) -> 84 | C94: =测试大纲!$A$19 -> 4 | D94: 运行月报告 | E94: 运行月报告上报 | G94: =$D$9 & "-"&测试大纲!I$21&"-"&TEXT(SUBTOTAL(103,$C$77:C94),"000") -> Web-BGSB-018 | H94: 中 | I94: 异常系 | J94: 问题填写201个字符可行性校验 | K94: 1.总部人员身份 2.进入运行月报告上报页面 | L94: 1.填写一个问题至201字符 2.其他正常填写 3.点击“提交” | N94: 提交失败并给与相关提示
B95: =SUBTOTAL(103,$C$11:C95) -> 85 | C95: =测试大纲!$A$19 -> 4 | D95: 运行月报告 | E95: 运行月报告上报 | G95: =$D$9 & "-"&测试大纲!I$21&"-"&TEXT(SUBTOTAL(103,$C$77:C95),"000") -> Web-BGSB-019 | H95: 高 | I95: 正常系 | J95: 校验这个月已经上传过运行月报告的情况下是否能够继续上传 | K95: 1.总部人员身份 2.进入运行月报告上报页面 | L95: 1.填写问题 2.点击提交 | N95: 提交失败并给与相关提示
B96: =SUBTOTAL(103,$C$11:C96) -> 86 | C96: =测试大纲!$A$19 -> 4 | D96: 运行月报告 | E96: 问题类别维护 | F96: 问题类别维护查询 | G96: =$D$9 & "-"&测试大纲!I$22&"-"&TEXT(SUBTOTAL(103,$C$96:C96),"000") -> Web-LBWH-001 | H96: 高 | I96: 正常系 | J96: 界面元素完整性校验 | K96: 1.总部人员身份 2.进入问题类别维护界面 | N96: 页面元素如下: 1.下拉框：问题大类 2.按钮：搜索、添加 3.数据区显示列：序号、问题大类、最后修改时间、维护人、操作 4.数据区按钮：查看、修改、删除 5.翻页控件
B97: =SUBTOTAL(103,$C$11:C97) -> 87 | C97: =测试大纲!$A$19 -> 4 | D97: 运行月报告 | E97: 问题类别维护 | F97: 问题类别维护查询 | G97: =$D$9 & "-"&测试大纲!I$22&"-"&TEXT(SUBTOTAL(103,$C$96:C97),"000") -> Web-LBWH-002 | H97: 高 | I97: 正常系 | J97: 页面默认数据正确性校验 | K97: 1.总部人员身份 2.进入问题类别维护界面 | N97: 页面所有输入框数据为空、数据展示区也为空并且页码为1
B98: =SUBTOTAL(103,$C$11:C98) -> 88 | C98: =测试大纲!$A$19 -> 4 | D98: 运行月报告 | E98: 问题类别维护 | F98: 问题类别维护查询 | G98: =$D$9 & "-"&测试大纲!I$22&"-"&TEXT(SUBTOTAL(103,$C$96:C98),"000") -> Web-LBWH-003 | H98: 高 | I98: 正常系 | J98: 默认查询数据正确性校验 | K98: 1.总部人员身份 2.进入问题类别维护界面 | L98: 1.点击搜索 | N98: 查询到所有的问题大类
B99: =SUBTOTAL(103,$C$11:C99) -> 89 | C99: =测试大纲!$A$19 -> 4 | D99: 运行月报告 | E99: 问题类别维护 | F99: 问题类别维护查询 | G99: =$D$9 & "-"&测试大纲!I$22&"-"&TEXT(SUBTOTAL(103,$C$96:C99),"000") -> Web-LBWH-004 | H99: 低 | I99: 正常系 | J99: 搜索结果数量统计是否正确 | K99: 1.总部人员身份 2.进入问题类别维护界面 | L99: 1.输入航站代码 2.点击搜索 | M99: PEK | N99: 显示的结果数与标签“共搜索到X条数据”中的X相等
B100: =SUBTOTAL(103,$C$11:C100) -> 90 | C100: =测试大纲!$A$19 -> 4 | D100: 运行月报告 | E100: 问题类别维护 | F100: 问题类别维护查询 | G100: =$D$9 & "-"&测试大纲!I$22&"-"&TEXT(SUBTOTAL(103,$C$96:C100),"000") -> Web-LBWH-005 | H100: 高 | I100: 正常系 | J100: 问题大类搜索正确性校验 | K100: 1.总部人员身份 2.进入问题类别维护界面 | L100: 1.选择问题大类 2.点击搜索 | M100: 安全正常情况 | N100: 查询到对应的问题大类的相关信息
B101: =SUBTOTAL(103,$C$11:C101) -> 91 | C101: =测试大纲!$A$19 -> 4 | D101: 运行月报告 | E101: 问题类别维护 | F101: 问题类别维护查询 | G101: =$D$9 & "-"&测试大纲!I$22&"-"&TEXT(SUBTOTAL(103,$C$96:C101),"000") -> Web-LBWH-006 | H101: 高 | I101: 正常系 | J101: 详情查看功能正确性校验 | K101: 1.总部人员身份 2.进入问题类别维护界面 3.数据展示区不为空 | L101: 1.点击查看 | N101: 进入指定问题类别维护详情查看页面，页面内容格式与添加问题维护类别格式一致并且部分内容与页面展示数据一致
B102: =SUBTOTAL(103,$C$11:C102) -> 92 | C102: =测试大纲!$A$19 -> 4 | D102: 运行月报告 | E102: 问题类别维护 | F102: 问题类别维护查询 | G102: =$D$9 & "-"&测试大纲!I$22&"-"&TEXT(SUBTOTAL(103,$C$96:C102),"000") -> Web-LBWH-007 | H102: 高 | I102: 异常系 | J102: 删除报备数据功能校验 | K102: 1.总部人员身份 2.进入问题类别维护界面 3.数据展示区不为空 | L102: 1.删除一条数据 | N102: 该条数据从页面消失并且刷新页面后不再出现
...

Sheet 通讯录
B2: 测试用例
S4: 第1轮 | W4: 第2轮 | AA4: 第N轮
S5: 用例条数 | T5: =SUMPRODUCT(($G$11:$G$1808<>"")*($Q$11:$Q$1807<>"删除")) -> #N/A | U5: OK | V5: =SUMPRODUCT(($R$11:$R$1604="是")*(S$11:S$1604=U$5)) -> 0 | W5: 用例条数 | X5: {=SUMPRODUCT(($G$11:$G$1808<>"")*($Q$11:$Q$1807<>"删除"))} -> #N/A | Y5: OK | Z5: =SUMPRODUCT(($R$11:$R$1604="是")*(W$11:W$1604=Y$5)) -> 0 | AA5: 用例条数 | AB5: {=SUMPRODUCT(($G$11:$G$1808<>"")*($Q$11:$Q$1807<>"删除"))} -> #N/A | AC5: OK | AD5: =SUMPRODUCT(($R$11:$R$1604="是")*(AA$11:AA$1604=AC$5)) -> 0
S6: 纳入测试 | T6: {=COUNTIF($R$10:$R$1604,"是")} -> 3 | U6: POK | V6: =SUMPRODUCT(($R$11:$R$1604="是")*(S$11:S$1604=U$6)) -> 0 | W6: 纳入测试 | X6: {=COUNTIF($R$10:$R$1604,"是")} -> 3 | Y6: POK | Z6: =SUMPRODUCT(($R$11:$R$1604="是")*(W$11:W$1604=Y$6)) -> 0 | AA6: 纳入测试 | AB6: {=COUNTIF($R$10:$R$1604,"是")} -> 3 | AC6: POK | AD6: =SUMPRODUCT(($R$11:$R$1604="是")*(AA$11:AA$1604=AC$6)) -> 0
S7: 执行率 | T7: =IF(V5+V6+V7=0,0%,(V5+V6+V7)/(T6)) -> 0 | U7: NG | V7: =SUMPRODUCT(($R$11:$R$1604="是")*(S$11:S$1604=U$7)) -> 0 | W7: 执行率 | X7: =IF(Z5+Z6+Z7=0,0%,(Z5+Z6+Z7)/(X6)) -> 0 | Y7: NG | Z7: =SUMPRODUCT(($R$11:$R$1604="是")*(W$11:W$1604=Y$7)) -> 0 | AA7: 执行率 | AB7: =IF(AD5+AD6+AD7=0,0%,(AD5+AD6+AD7)/(AB6)) -> 0 | AC7: NG | AD7: =SUMPRODUCT(($R$11:$R$1604="是")*(AA$11:AA$1604=AC$7)) -> 0
D8: 测试标识 | E8: 所属项目 | F8: 子系统 | G8: 设计人员 | S8: 通过率 | T8: {=IF(V5=0,0%,V5/(V5+V6+V7))} -> 0 | U8: SKIP | V8: =SUMPRODUCT(($R$11:$R$1604="是")*(S$11:S$1604=U$8)) -> 0 | W8: 通过率 | X8: {=IF(Z5=0,0%,Z5/(Z5+Z6+Z7))} -> 0 | Y8: SKIP | Z8: =SUMPRODUCT(($R$11:$R$1604="是")*(W$11:W$1604=Y$8)) -> 0 | AA8: 通过率 | AB8: {=IF(AD5=0,0%,AD5/(AD5+AD6+AD7))} -> 0 | AC8: SKIP | AD8: =SUMPRODUCT(($R$11:$R$1604="是")*(AA$11:AA$1604=AC$8)) -> 0
D9: Web | E9: 航站二期 | G9: 袁国军 | S9: NT | T9: {=SUMPRODUCT(($R$11:$R$1604="是")*(S$11:S$1604=S9))} -> 0 | U9: 队列中 | V9: {=(T6-V8-V7-V6-V5-T9)} -> 3 | W9: NT | X9: {=SUMPRODUCT(($R$11:$R$1604="是")*(W$11:W$1604=W9))} -> 0 | Y9: 队列中 | Z9: {=(X6-Z8-Z7-Z6-Z5-X9)} -> 3 | AA9: NT | AB9: {=SUMPRODUCT(($R$11:$R$1604="是")*(AA$11:AA$1604=AA9))} -> 0 | AC9: 队列中 | AD9: {=(AB6-AD8-AD7-AD6-AD5-AB9)} -> 3
B10: 序号 | C10: 模块编号 | D10: 一级模块 | E10: 二级模块 | F10: 三级模块 | G10: 用例编号 | H10: 优先级 | I10: 分类 | J10: 用例描述 | K10: 前置条件 | L10: 测试方法和步骤 | M10: 测试数据 | N10: 预期结果 | O10: 验证过程 | P10: 测试工具 | Q10: 修订状态 | R10: 纳入测试 | S10: 测试结果 | T10: 测试版本 | U10: 测试人 | V10: 备注 | W10: 测试结果 | X10: 测试版本 | Y10: 测试人 | Z10: 备注 | AA10: 测试结果 | AB10: 测试版本 | AC10: 测试人 | AD10: 备注 | AE10: 导入结果
B11: =SUBTOTAL(103,$C11:C$11) -> 1 | C11: =测试大纲!$A$24 -> 5 | D11: 通讯录 | E11: 通讯录操作 | G11: =报备管理!$D$9 & "-"&测试大纲!I$24&"-"&TEXT(SUBTOTAL(103,$C11:C$11),"000") -> Web-TXCZ-001 | H11: 高 | I11: 正常系 | J11: 下载有效性校验 | K11: 1.航站人员身份 2.进入通讯录界面 | L11: 1.点击“下载” 2.选择路径 3.点击“确定” | N11: 将通讯录下载到指定路径打开无错误
B12: =SUBTOTAL(103,$C$11:C12) -> 2 | C12: =测试大纲!$A$24 -> 5 | D12: 通讯录 | E12: 通讯录操作 | G12: =报备管理!$D$9 & "-"&测试大纲!I$24&"-"&TEXT(SUBTOTAL(103,$C$11:C12),"000") -> Web-TXCZ-002 | H12: 高 | I12: 异常系 | J12: 下载覆盖有效性校验 | K12: 1.航站人员身份 2.进入通讯录界面 | L12: 1.点击“下载” 2.选择路径 3.点击“确定”，弹出覆盖选择框 4.点击确定 | M12: 路径下存在同名文件 | N12: 覆盖路径下存在的同名文件
B13: =SUBTOTAL(103,$C$11:C13) -> 3 | C13: =测试大纲!$A$24 -> 5 | D13: 通讯录 | E13: 通讯录操作 | G13: =报备管理!$D$9 & "-"&测试大纲!I$24&"-"&TEXT(SUBTOTAL(103,$C$11:C13),"000") -> Web-TXCZ-003 | H13: 高 | I13: 正常系 | J13: 上传有效性校验 | K13: 1.总部人员身份 2.进入通讯录界面 | L13: 1.点击“上传” 2.选择路径 3.点击“确定” 4.下载通讯录文件 | N13: 下载的通讯录文件与上传文件一致
B14: =SUBTOTAL(103,$C$11:C14) -> 4 | C14: =测试大纲!$A$24 -> 5 | D14: 通讯录 | E14: 通讯录操作 | G14: =报备管理!$D$9 & "-"&测试大纲!I$24&"-"&TEXT(SUBTOTAL(103,$C$11:C14),"000") -> Web-TXCZ-004 | H14: 高 | I14: 正常系 | J14: 上传覆盖有效性校验 | K14: 1.总部人员身份 2.进入通讯录界面 3.已存在上传的通讯录 | L14: 1.点击“上传” 2.选择路径 3.点击“确定” 4.下载通讯录文件 | N14: 下载的通讯录文件与刚刚上传文件一致
B15: =SUBTOTAL(103,$C$11:C15) -> 5 | C15: =测试大纲!$A$24 -> 5 | D15: 报备管理 | E15: 站内信 | G15: =报备管理!$D$9 & "-"&测试大纲!I$25&"-"&TEXT(SUBTOTAL(103,$C$15:C15),"000") -> Web-ZNXJ-001 | H15: 高 | I15: 正常系 | J15: 节假日报备提交成功后站内信提醒管理员校验 | K15: 1.总部人员身份 2.进入节假日值班报备添加界面 3.添加报备成功 | L15: 1.查看站内信是否存在相关提醒 | M15: 1.2017-10-9~2017-10-10 2.13829362187 3.422444109@qq.com | N15: 标题为XX航站XX（姓名）提交了节假日值班报备，
B16: =SUBTOTAL(103,$C$11:C16) -> 6 | C16: =测试大纲!$A$24 -> 5 | D16: 报备管理 | E16: 站内信 | G16: =报备管理!$D$9 & "-"&测试大纲!I$25&"-"&TEXT(SUBTOTAL(103,$C$15:C16),"000") -> Web-ZNXJ-002 | H16: 高 | I16: 正常系 | J16: 站内信提醒管理员详情查看校验 | K16: 1.总部人员身份 2.进入管理员站内信界面 3.存在至少一封站内信 | L16: 1.点击标题 | N16: 详情中通过表格列出具体的值班报备信息
B17: =SUBTOTAL(103,$C$11:C17) -> 7 | C17: =测试大纲!$A$24 -> 5 | D17: 报备管理 | E17: 站内信 | G17: =报备管理!$D$9 & "-"&测试大纲!I$25&"-"&TEXT(SUBTOTAL(103,$C$15:C17),"000") -> Web-ZNXJ-003 | H17: 高 | I17: 正常系 | J17: 校验未点击过的站内信状态 | K17: 1.总部人员身份 2.进入管理员站内信界面 3.存在至少一封未点击过的站内信 | N17: 未点击过的站内信为未读状态
B18: =SUBTOTAL(103,$C$11:C18) -> 8 | C18: =测试大纲!$A$24 -> 5 | D18: 报备管理 | E18: 站内信 | G18: =报备管理!$D$9 & "-"&测试大纲!I$25&"-"&TEXT(SUBTOTAL(103,$C$15:C18),"000") -> Web-ZNXJ-004 | H18: 高 | I18: 正常系 | J18: 校验点击过的站内信状态 | K18: 1.总部人员身份 2.进入管理员站内信界面 3.存在至少一封未读状态的站内信 | L18: 1.点击未读状态站内信的标题 | N18: 点击过的站内信为已读状态
R139: 是
R241: 是
R472: 是

Sheet 流程测试用例

Sheet 流程图

Sheet 流程测试用例示例
B2: 测试用例
J4: 第1轮 | N4: 第2轮 | R4: 第N轮
J5: 用例条数 | K5: =SUMPRODUCT(($B$11:$B$1704<>"")*($H$11:$H$1704<>"删除")) -> 6 | L5: OK | M5: =SUMPRODUCT(($I$11:$I$1501="是")*(J$11:J$1501=L$5)) -> 0 | N5: 用例条数 | O5: =SUMPRODUCT(($B$11:$B$1704<>"")*($H$11:$H$1704<>"删除")) -> 6 | P5: OK | Q5: =SUMPRODUCT(($I$11:$I$1501="是")*(N$11:N$1501=P$5)) -> 0 | R5: 用例条数 | S5: =SUMPRODUCT(($B$11:$B$1704<>"")*($H$11:$H$1704<>"删除")) -> 6 | T5: OK | U5: =SUMPRODUCT(($I$11:$I$1501="是")*(R$11:R$1501=T$5)) -> 0
J6: 纳入测试 | K6: {=COUNTIF($I$10:$I$1501,"是")} -> 0 | L6: POK | M6: =SUMPRODUCT(($I$11:$I$1501="是")*(J$11:J$1501=L$6)) -> 0 | N6: 纳入测试 | O6: {=COUNTIF($I$10:$I$1501,"是")} -> 0 | P6: POK | Q6: =SUMPRODUCT(($I$11:$I$1501="是")*(N$11:N$1501=P$6)) -> 0 | R6: 纳入测试 | S6: {=COUNTIF($I$10:$I$1501,"是")} -> 0 | T6: POK | U6: =SUMPRODUCT(($I$11:$I$1501="是")*(R$11:R$1501=T$6)) -> 0
J7: 执行率 | K7: =IF(M5+M6+M7=0,0%,(M5+M6+M7)/(K6)) -> 0 | L7: NG | M7: =SUMPRODUCT(($I$11:$I$1501="是")*(J$11:J$1501=L$7)) -> 0 | N7: 执行率 | O7: =IF(Q5+Q6+Q7=0,0%,(Q5+Q6+Q7)/(O6)) -> 0 | P7: NG | Q7: =SUMPRODUCT(($I$11:$I$1501="是")*(N$11:N$1501=P$7)) -> 0 | R7: 执行率 | S7: =IF(U5+U6+U7=0,0%,(U5+U6+U7)/(S6)) -> 0 | T7: NG | U7: =SUMPRODUCT(($I$11:$I$1501="是")*(R$11:R$1501=T$7)) -> 0
J8: 通过率 | K8: {=IF(M5=0,0%,M5/(M5+M6+M7))} -> 0 | L8: SKIP | M8: =SUMPRODUCT(($I$11:$I$1501="是")*(J$11:J$1501=L$8)) -> 0 | N8: 通过率 | O8: {=IF(Q5=0,0%,Q5/(Q5+Q6+Q7))} -> 0 | P8: SKIP | Q8: =SUMPRODUCT(($I$11:$I$1501="是")*(N$11:N$1501=P$8)) -> 0 | R8: 通过率 | S8: {=IF(U5=0,0%,U5/(U5+U6+U7))} -> 0 | T8: SKIP | U8: =SUMPRODUCT(($I$11:$I$1501="是")*(R$11:R$1501=T$8)) -> 0
J9: NT | K9: {=SUMPRODUCT(($I$11:$I$1501="是")*(J$11:J$1501=J9))} -> 0 | L9: 队列中 | M9: {=(K6-M8-M7-M6-M5-K9)} -> 0 | N9: NT | O9: {=SUMPRODUCT(($I$11:$I$1501="是")*(N$11:N$1501=N9))} -> 0 | P9: 队列中 | Q9: {=(O6-Q8-Q7-Q6-Q5-O9)} -> 0 | R9: NT | S9: {=SUMPRODUCT(($I$11:$I$1501="是")*(R$11:R$1501=R9))} -> 0 | T9: 队列中 | U9: {=(S6-U8-U7-U6-U5-S9)} -> 0
B10: 用例编号 | C10: 模块 | D10: 流程分类 | E10: 用例描述 | F10: 测试方法和步骤 | G10: 预期结果 | H10: 修订状态 | I10: 纳入测试 | J10: 测试结果 | K10: 测试版本 | L10: 测试人 | M10: 备注 | N10: 测试结果 | O10: 测试版本 | P10: 测试人 | Q10: 备注 | R10: 测试结果 | S10: 测试版本 | T10: 测试人 | U10: 备注
B11: TC-ST-SCM-UCM-流程测试-001 | C11: Defect | D11: 基本流程 | E11: 正常修改流程 | F11: 测试人员提交缺陷→开发人员接收缺陷→开发人员修改缺陷→测试人员验证关闭缺陷 | G11: 流程可以正常流转，流转时状态转换正确，从Submitted→Opened→Resolved→Closed 缺陷到达Closed状态后除增加注释外，不能对缺陷进行修改 | J11: OK
B12: TC-ST-SCM-UCM-流程测试-002 | D12: 基本流程 | E12: 修复失败流程 | F12: 测试人员提交缺陷→开发人员接收缺陷→开发人员修改缺陷→测试人员验证打回缺陷（Reject）→开发人员修复缺陷-测试人员验证关闭缺陷 （需验证测试人员多次验证打回缺陷的情况） | G12: 流程可以正常流转，流转时状态转换正确，从Submitted→Opened→Resolved→Opened→Resolved→Closed 缺陷到达Closed状态后除增加注释外，不能对缺陷进行修改 | J12: OK
B13: TC-ST-SCM-UCM-流程测试-003 | D13: 基本流程 | E13: 拒绝处理流程 | F13: ……
B14: TC-ST-SCM-UCM-流程测试-004 | D14: 备选流程 | E14: 分歧处理流程 | F14: ……
B15: TC-ST-SCM-UCM-流程测试-005 | D15: 备选流程 | E15: 延迟处理流程 | F15: ……
B16: TC-ST-SCM-UCM-流程测试-006 | E16: ……

Sheet 使用说明
B1: 使用说明：
B2: （一）、测试用例维护的原则
D3: 1、测试时，测试用例及测试大纲需要及时维护，保证一个系统有一份完整的功能测试用例。
E4: 每次生产变更需在这一份测试用例中选择部分测试用例作为执行对象。
D5: 2、原则上不允许物理删除测试用例，可使用“修订状态”列标记删除（标记后，会自动标记删除线）
D6: 3、测试用例编号要求唯一（含被标记为删除的用例）
B7: （二）、测试用例维护方法
D8: 操作 | K8: 详细
D9: 新增测试用例 | K9: 在对应的模块内增加测试用例，将其测试用例编号设置为该模块用例编号最大值+1，保证测试用例编号不重复（含被标记为删除的用例），并将【修订状态】属性设置为“新增”。
D10: 修改测试用例 | K10: 修改对应的测试用例，并将该条测试用例的【修订状态】属性设置为“修改”。
D11: 删除测试用例 | K11: 将测试用例的【修订状态】属性设定为“删除”，【纳入测试】属性设置为“否”。
B13: （三）、测试用例选取方法
D14: 测试用例选取遵循以下步骤：
D15: 1、获取上次生产变更所使用的测试用例。
D16: 2、清空所有测试用例的执行结果，注意每个标签页上的自动计算公式是否正常。
D17: 3、清空所有测试用例的“纳入测试”属性。
D18: 4、将前一次标记了“新增”、“修改”的用例的“修订状态”属性设置为空。
D19: 5、参考本文章节（二）对测试用例进行维护。
D20: 6、 | E20: 选择计划要执行的测试用例，将测试用例的“纳入测试”属性设定为“是”。
E21: 测试用例评审及测试用例执行将针对纳入测试的测试用例进行。
D22: 7、维护测试大纲（内容及测试用例数），清空【纳入测试数】列及【是否纳入测试】列。
D23: 8、将抽选了测试用例的模块的【是否纳入测试】属性设置为“√”，计算
E24: 模块中被纳入测试的用例数并填入【纳入测试数】属性中。
B25: （四）关于流程测试用例
D26: 对流程测试用例的模板不做要求，可根据系统具体情况设计流程测试用例格式，可参考“流程测试用例示例”
D27: 注意： | F27: （1）流程测试用例也需要有对应的编号，也要有测试结果记录。
F28: （2）测试用例编写完成后需将“流程测试用例示例”页删除。
B29: （五）FQA
D30: 1、测试用例结果统计的公式不小心被修改了怎么办？
E31: 答：可通过从模板拷贝粘贴的方式更新公式。
D32: 2、测试执行多个轮次时，结果统计中，前边轮次的纳入测试用例数等会跟随着后续的轮次改变怎么办？
E33: 答：每个轮次开始前，请将前一个轮次结果统计中的公式变为静态的数值。
F34: 方法为：选择需要变更区域，复制（ctrl+C），然后在被选区域上右键，选择“选择性粘贴”，
F35: 在对话框中选择“数值”后确定，则公式被替换为实际的数值。
B36: （六）优先级评定
D37: BVTs(Build Verification Tests):冒烟测试，最近1个月出现bug的用例
D38: 高（Highs）：最常执行以保证功能性是稳定的，目标的行为和能力可以正常的工作，和重要的错误和边界被测试的测试用例的集合。
D39: 中(Mediums)：这是使给出的功能区域或功能变得更详细，检查功能的多数方面包括边界，错误和配置测试的测试用例。
D40: 低(Lows)：这是通常最少被执行的测试用例。但这并不意味着这些测试都不重要，只是说他们在项目的生命期间里不是常常被运行，例如GUI，错误信息，可用性，压力和性能测试。
